frame,t,ok,mode,reason,phi_deg,phi_smooth,phi_rel,dphi_dt,phi_l,phi_r,phi_grad,phi_naive,n_bands,inlier_ratio,rms_px,parallel,w_body_px,axis_len_px,w_box_px,polarity,conf,upscale,track_rel
0,0.0,0,,no_mask,,,,,,,,,0,0.0,,,,,,0,0.0,1,0.0
1,0.0333,0,,no_mask,,,,,,,,,0,0.0,,,,,,0,0.0,1,0.0
2,0.0667,0,,no_mask,,,,,,,,,0,0.0,,,,,,0,0.0,1,0.0
3,0.1,0,,no_mask,,,,,,,,,0,0.0,,,,,,0,0.0,1,0.0
4,0.1333,0,,no_mask,,,,,,,,,0,0.0,,,,,,0,0.0,1,0.0
5,0.1667,0,,no_mask,,,,,,,,,0,0.0,,,,,,0,0.0,1,0.0
6,0.2,0,,no_mask,,,,,,,,,0,0.0,,,,,,0,0.0,1,0.0
7,0.2333,0,,no_mask,,,,,,,,,0,0.0,,,,,,0,0.0,1,0.0
8,0.2667,0,,no_mask,,,,,,,,,0,0.0,,,,,,0,0.0,1,0.0
9,0.3,0,,no_mask,,,,,,,,,0,0.0,,,,,,0,0.0,1,0.0
10,0.3333,0,,no_mask,,,,,,,,,0,0.0,,,,,,0,0.0,1,0.0
11,0.3667,0,,no_mask,,,,,,,,,0,0.0,,,,,,0,0.0,1,0.0
12,0.4,1,mask,,-7.3883,-7.3883,,,,,,,14,1.0,0.252,0.05,19.0,13.0,21.97,0,0.6429,1,0.0
13,0.4333,1,mask,,-4.2752,-6.8435,,16.344,,,,,17,1.0,0.1409,0.0176,18.0,16.0,20.28,0,0.6851,1,0.0
14,0.4667,1,mask,,-9.0357,-7.0342,,-5.7204,,,,,20,1.0,0.2026,0.0857,19.0,19.0,21.31,0,0.6928,1,0.0
15,0.5,1,mask,,-9.6144,-7.4464,,-12.3667,,,,,22,0.9565,0.2083,0.1389,18.0,21.0,22.65,0,0.692,1,0.0
16,0.5333,1,mask,,-8.929,-7.9653,,-15.567,,,,,23,0.9583,0.2013,0.1621,18.0,22.0,24.08,0,0.7006,1,0.0
17,0.5667,1,mask,,-10.4933,-8.34,,-11.2384,,,,,24,0.9231,0.2048,0.0696,18.5,23.0,25.41,0,0.696,1,0.0
18,0.6,1,mask,,-9.3465,-8.6922,,-10.5686,,,,,32,1.0,0.2781,0.0645,19.0,31.0,26.34,0,0.7577,1,0.0
19,0.6333,1,mask,,-9.543,-8.99,,-8.9334,,,,,33,1.0,0.3214,0.0642,19.0,32.0,26.37,0,0.7557,1,0.0
20,0.6667,1,mask,,-11.1092,-9.1836,,-5.8067,,,,,35,0.9211,0.3305,0.023,18.0,34.0,26.12,0,0.7435,1,0.0
21,0.7,1,mask,,-10.5706,-9.642,,-13.7517,,,,,36,0.9231,0.3309,0.0197,18.0,36.0,26.26,0,0.7508,1,0.0
22,0.7333,1,mask,,-10.3859,-9.9024,,-7.8116,,,,,38,0.95,0.317,0.0169,18.0,37.0,26.23,0,0.7749,1,0.0
23,0.7667,0,,no_mask,,,,,,,,,0,0.0,,,,,,0,0.0,1,0.0
24,0.8,0,,no_mask,,,,,,,,,0,0.0,,,,,,0,0.0,1,0.0
25,0.8333,0,,no_mask,,,,,,,,,0,0.0,,,,,,0,0.0,1,0.0
26,0.8667,1,mask,,-10.0,-10.0041,,,,,,,49,1.0,0.4125,0.0161,17.0,48.0,27.72,0,0.8442,1,0.0
27,0.9,1,mask,,-9.9101,-9.9869,,0.5148,,,,,54,1.0,0.346,0.0194,17.0,53.0,28.64,0,0.8908,1,0.0
28,0.9333,1,mask,,-9.8199,-9.96,,0.8065,,,,,55,0.9821,0.2851,0.0231,17.0,54.0,28.66,0,0.9043,1,0.0
29,0.9667,1,mask,,-10.1588,-9.9583,,0.0523,,,,,56,1.0,0.3325,0.0161,17.0,55.0,29.16,0,0.9068,1,0.0
30,1.0,1,mask,,-10.1867,-9.9729,,-0.4379,,,,,58,1.0,0.4085,0.0177,17.0,57.0,29.95,0,0.905,1,0.0
31,1.0333,1,mask,,-9.5599,-9.9509,,0.6592,,,,,62,1.0,0.3791,0.018,17.0,61.0,30.23,0,0.9242,1,0.0
32,1.0667,1,mask,,-9.7422,-9.9051,,1.3753,,,,,62,0.9538,0.3247,0.0169,17.0,63.0,30.27,0,0.9212,1,0.0
33,1.1,1,mask,,-9.5139,-9.8481,,1.7097,,,,,67,1.0,0.3828,0.0243,18.0,66.0,30.42,0,0.9234,1,0.0
34,1.1333,1,mask,,-9.1315,-9.7472,,3.0261,,,,,70,1.0,0.4248,0.0139,18.0,69.0,31.51,0,0.915,1,0.0
35,1.1667,1,mask,,-9.2566,-9.6655,,2.45,,,,,70,1.0,0.4089,0.0148,18.0,69.0,31.77,0,0.9182,1,0.0
36,1.2,1,mask,,-9.1695,-9.5224,,4.2941,,,,,71,0.9861,0.3313,0.0266,18.0,71.0,32.82,0,0.9296,1,0.0
37,1.2333,1,mask,,-9.7901,-9.4293,,2.7912,,,,,74,1.0,0.4175,0.0201,18.0,73.0,33.83,0,0.9165,1,0.0
38,1.2667,1,mask,,-10.356,-9.3689,,1.8143,,,,,78,1.0,0.345,0.0046,19.0,77.0,34.85,0,0.931,1,0.0
39,1.3,1,mask,,-10.6424,-9.5163,,-4.4231,,,,,78,0.975,0.2846,0.01,18.0,79.0,35.34,0,0.9356,1,0.0
40,1.3333,1,mask,,-10.4867,-9.8102,,-8.8172,,,,,78,0.9398,0.341,0.0144,19.0,78.0,35.04,0,0.9137,1,0.0
41,1.3667,1,mask,,-10.1325,-10.0013,,-5.7312,,,,,82,0.9647,0.4184,0.019,19.0,82.0,34.2,0,0.9057,1,0.0
42,1.4,1,mask,,-9.6209,-10.1254,,-3.7253,,,,,88,1.0,0.4083,0.0171,18.0,87.0,34.14,0,0.9183,1,0.0
43,1.4333,1,mask,,-10.5492,-10.2519,,-3.7934,,,,,76,0.8736,0.293,0.0247,17.0,76.0,34.05,0,0.9035,1,0.0
44,1.4667,1,mask,,-10.2317,-10.2448,,0.2123,,,,,79,0.8681,0.2988,0.0189,17.0,82.0,35.13,0,0.9007,1,0.0
45,1.5,1,mask,,-9.6333,-10.2055,,1.1794,,,,,93,0.9894,0.3492,0.0052,19.0,92.0,35.75,0,0.927,1,0.0
46,1.5333,1,mask,,-9.8212,-10.071,,4.035,,,,,96,1.0,0.3606,0.0006,19.0,95.0,36.22,0,0.9279,1,0.0
47,1.5667,1,mask,,-9.8908,-10.0079,,1.892,,,,,95,0.9694,0.3417,0.0084,18.0,97.0,34.82,0,0.9225,1,0.0
48,1.6,1,mask,,-9.7158,-9.9426,,1.9605,,,,,98,0.9703,0.3049,0.0086,18.0,100.0,35.54,0,0.9301,1,0.0
49,1.6333,1,mask,,-9.6042,-9.8632,,2.381,,,,,102,1.0,0.3787,0.0051,18.0,101.0,35.58,0,0.9243,1,0.0
50,1.6667,1,mask,,-9.7646,-9.8287,,1.0352,,,,,103,1.0,0.3375,0.0068,17.0,102.0,36.35,0,0.9325,1,0.0
51,1.7,1,mask,,-9.6751,-9.7892,,1.1854,,,,,105,1.0,0.3573,0.0072,17.0,104.0,36.1,0,0.9285,1,0.0
52,1.7333,1,mask,,-9.6108,-9.7492,,1.1983,,,,,109,1.0,0.3772,0.0004,18.0,108.0,37.43,0,0.9246,1,0.0
53,1.7667,1,mask,,-9.6931,-9.7233,,0.7789,,,,,109,0.9909,0.3228,0.0053,18.0,109.0,38.68,0,0.9327,1,0.0
54,1.8,1,mask,,-9.7977,-9.7127,,0.3169,,,,,111,0.9911,0.2562,0.0066,18.0,110.0,38.75,0,0.9461,1,0.0
55,1.8333,1,mask,,-9.6286,-9.6995,,0.3953,,,,,114,1.0,0.2591,0.0064,17.0,113.0,37.29,0,0.9482,1,0.0
56,1.8667,1,mask,,-9.3507,-9.6747,,0.7446,,,,,115,0.9914,0.2688,0.0042,17.0,115.0,37.4,0,0.9436,1,0.0
57,1.9,1,mask,,-9.0766,-9.6586,,0.484,,,,,114,0.9744,0.3008,0.0034,17.0,114.0,37.18,0,0.9321,1,0.0
58,1.9333,1,mask,,-10.0246,-9.6481,,0.3146,,,,,106,0.9298,0.2938,0.0075,17.0,106.0,37.44,0,0.9202,1,0.0
59,1.9667,1,mask,,-10.0526,-9.6413,,0.2045,,,,,104,0.9204,0.2654,0.0075,16.0,105.0,37.57,0,0.923,1,0.0
60,2.0,1,mask,,-9.8512,-9.7148,,-2.2047,,,,,112,0.9333,0.3862,0.0011,17.0,111.0,37.24,0,0.9028,1,0.0
61,2.0333,1,mask,,-9.7117,-9.7625,,-1.433,,,,,111,0.9569,0.3722,0.0186,16.0,110.0,39.1,0,0.9126,1,0.0
62,2.0667,1,mask,,-9.8751,-9.8019,,-1.1819,,,,,99,0.8919,0.2928,0.0165,17.0,105.0,39.12,0,0.909,1,0.0
63,2.1,1,mask,,-9.3882,-9.8192,,-0.5178,,,,,109,0.9316,0.4134,0.0104,17.0,109.0,37.16,0,0.8968,1,0.0
64,2.1333,1,mask,,-9.5385,-9.7816,,1.1286,,,,,104,0.8,0.3046,0.0091,17.5,105.0,37.15,0,0.8791,1,0.0
65,2.1667,1,mask,,-9.4556,-9.6965,,2.5523,,,,,96,0.7273,0.295,0.0128,18.0,103.0,36.75,0,0.8592,1,0.0
66,2.2,1,mask,,-9.3084,-9.6122,,2.5289,,,,,104,0.782,0.3787,0.0094,17.0,103.0,36.02,0,0.8588,1,0.0
67,2.2333,1,mask,,-9.2225,-9.5338,,2.3523,,,,,101,0.8487,0.3867,0.0061,16.0,101.0,36.07,0,0.8773,1,0.0
68,2.2667,1,mask,,-8.3776,-9.4549,,2.3663,,,,,115,0.8582,1.0344,0.0029,17.0,114.0,38.19,0,0.7506,1,0.0
69,2.3,0,mask,rms_too_big,-6.2647,,,,,,,,135,0.9574,1.6172,0.0006,17.0,134.0,35.88,0,0.6872,1,0.0
70,2.3333,1,mask,,-8.6466,-9.2728,,,,,,,101,0.7891,0.5458,0.0011,17.0,100.0,36.1,0,0.8276,1,0.0
71,2.3667,0,mask,rms_too_big,-5.8649,,,,,,,,142,1.0,1.7563,0.0065,17.0,141.0,36.48,0,0.7,1,0.0
72,2.4,1,mask,,-7.7769,-8.9595,,,,,,,105,0.7721,0.562,0.0044,17.0,104.0,38.55,0,0.8192,1,0.0
73,2.4333,0,mask,rms_too_big,-5.2113,,,,,,,,135,1.0,1.7888,0.0013,16.0,140.0,38.48,0,0.7,1,0.0
74,2.4667,0,mask,rms_too_big,-4.4612,,,,,,,,144,1.0,2.1214,0.0125,17.0,143.0,39.51,0,0.7,1,0.0
75,2.5,0,mask,rms_too_big,-3.8693,,,,,,,,146,1.0,2.1552,0.0042,17.0,145.0,35.7,0,0.7,1,0.0
76,2.5333,0,mask,rms_too_big,-3.7252,,,,,,,,144,1.0,2.2392,0.0125,17.0,143.0,37.46,0,0.7,1,0.0
77,2.5667,0,mask,rms_too_big,-3.3888,,,,,,,,144,1.0,2.3285,0.0036,17.0,147.0,37.67,0,0.7,1,0.0
78,2.6,0,mask,rms_too_big,-3.7088,,,,,,,,143,1.0,2.5363,0.0073,17.0,144.0,36.57,0,0.7,1,0.0
79,2.6333,0,mask,rms_too_big,-2.7761,,,,,,,,156,1.0,2.658,0.0005,18.0,155.0,35.8,0,0.7,1,0.0
80,2.6667,0,mask,rms_too_big,-2.8234,,,,,,,,146,1.0,2.7142,0.0014,17.0,149.0,36.49,0,0.7,1,0.0
81,2.7,0,mask,rms_too_big,-1.9739,,,,,,,,149,1.0,2.9921,0.0006,18.0,158.0,36.15,0,0.7,1,0.0
82,2.7333,0,mask,rms_too_big,-2.0028,,,,,,,,144,1.0,3.0183,0.0059,17.0,154.0,36.4,0,0.7,1,0.0
83,2.7667,0,mask,rms_too_big,-1.6578,,,,,,,,148,1.0,3.2002,0.0047,18.0,161.0,34.98,0,0.7,1,0.0
84,2.8,0,mask,rms_too_big,-1.7734,,,,,,,,148,1.0,3.1234,0.0017,18.0,156.0,36.59,0,0.7,1,0.0
85,2.8333,0,mask,rms_too_big,-0.8045,,,,,,,,146,1.0,3.6785,0.0097,17.0,161.0,35.3,0,0.7,1,0.0
86,2.8667,0,mask,rms_too_big,-0.6932,,,,,,,,146,1.0,3.6459,0.0027,18.0,164.0,34.96,0,0.7,1,0.0
87,2.9,0,mask,rms_too_big,-0.1943,,,,,,,,147,1.0,3.8475,0.0141,17.0,166.0,34.9,0,0.7,1,0.0
88,2.9333,0,mask,rms_too_big,-0.1372,,,,,,,,147,1.0,3.9605,0.0133,17.0,164.0,36.37,0,0.7,1,0.0
89,2.9667,0,mask,rms_too_big,0.2404,,,,,,,,150,1.0,4.1315,0.005,18.0,170.0,36.1,0,0.7,1,0.0
90,3.0,0,mask,rms_too_big,-0.0565,,,,,,,,147,1.0,4.2087,0.0015,18.0,165.0,37.58,0,0.7,1,0.0
91,3.0333,0,mask,rms_too_big,0.9679,,,,,,,,150,1.0,4.4886,0.0041,18.0,174.0,37.04,0,0.7,1,0.0
92,3.0667,0,mask,rms_too_big,1.7546,,,,,,,,152,1.0,4.5027,0.0072,18.0,176.0,36.74,0,0.7,1,0.0
93,3.1,0,mask,rms_too_big,1.6311,,,,,,,,149,1.0,4.6728,0.0084,18.0,174.0,36.42,0,0.7,1,0.0
94,3.1333,0,mask,rms_too_big,1.8463,,,,,,,,151,1.0,4.6824,0.009,18.0,175.0,36.87,0,0.7,1,0.0
95,3.1667,0,mask,rms_too_big,2.2517,,,,,,,,151,1.0,4.7107,0.0068,18.0,173.0,34.82,0,0.7,1,0.0
96,3.2,0,mask,rms_too_big,3.0634,,,,,,,,157,1.0,4.8187,0.0088,18.0,176.0,36.1,0,0.7,1,0.0
97,3.2333,0,mask,rms_too_big,3.7895,,,,,,,,166,1.0,5.0175,0.0061,18.0,183.0,35.92,0,0.7,1,0.0
98,3.2667,0,mask,rms_too_big,4.4358,,,,,,,,169,1.0,5.277,0.0,18.0,188.0,37.46,0,0.7,1,0.0
99,3.3,0,mask,rms_too_big,5.1712,,,,,,,,160,1.0,5.838,0.0008,18.0,188.0,36.53,0,0.7,1,0.0
100,3.3333,0,mask,rms_too_big,5.5299,,,,,,,,158,1.0,5.8301,0.0022,18.0,190.0,37.9,0,0.7,1,0.0
101,3.3667,0,,no_mask,,,,,,,,,0,0.0,,,,,,0,0.0,1,0.0
102,3.4,0,,no_mask,,,,,,,,,0,0.0,,,,,,0,0.0,1,0.0
103,3.4333,0,,no_mask,,,,,,,,,0,0.0,,,,,,0,0.0,1,0.0
104,3.4667,1,mask,,-5.6743,-7.8097,,,,,,,109,0.8583,0.2462,0.0126,16.0,108.0,37.17,0,0.9082,1,0.0
105,3.5,1,mask,,-5.5179,-7.0349,,23.2425,,,,,107,0.7431,0.3166,0.0156,16.0,109.0,35.54,0,0.8596,1,0.0
106,3.5333,1,mask,,-5.9614,-6.5587,,14.2862,,,,,105,0.8268,0.2786,0.013,16.0,106.0,35.05,0,0.8923,1,0.0
107,3.5667,0,,no_mask,,,,,,,,,0,0.0,,,,,,0,0.0,1,0.0
108,3.6,0,,no_mask,,,,,,,,,0,0.0,,,,,,0,0.0,1,0.0
109,3.6333,0,,no_mask,,,,,,,,,0,0.0,,,,,,0,0.0,1,0.0
110,3.6667,1,mask,,-5.8341,-6.3274,,,,,,,101,0.8211,0.3753,0.0062,16.0,102.0,34.99,0,0.8713,1,0.0
111,3.7,1,mask,,-6.0797,-6.1977,,3.8895,,,,,107,0.7985,0.4216,0.003,17.0,106.0,33.21,0,0.8552,1,0.0
112,3.7333,1,mask,,-5.8502,-6.0761,,3.6494,,,,,107,0.7643,0.4034,0.007,18.0,106.0,33.96,0,0.8486,1,0.0
113,3.7667,0,,no_mask,,,,,,,,,0,0.0,,,,,,0,0.0,1,0.0
114,3.8,0,,no_mask,,,,,,,,,0,0.0,,,,,,0,0.0,1,0.0
115,3.8333,0,,no_mask,,,,,,,,,0,0.0,,,,,,0,0.0,1,0.0
116,3.8667,1,mask,,-4.4586,-5.7535,,,,,,,107,0.781,0.3362,0.0099,16.0,108.0,31.28,0,0.8671,1,0.0
117,3.9,1,mask,,-4.6434,-5.3326,,12.626,,,,,104,0.7429,0.3148,0.0219,17.0,104.0,30.26,0,0.8599,1,0.0
118,3.9333,1,mask,,-4.3599,-5.0267,,9.1771,,,,,105,0.7394,0.297,0.0157,17.0,107.0,30.32,0,0.8624,1,0.0
119,3.9667,1,mask,,-3.944,-4.8106,,6.4833,,,,,106,0.726,0.3676,0.0085,17.0,107.0,29.09,0,0.8443,1,0.0
120,4.0,0,,no_mask,,,,,,,,,0,0.0,,,,,,0,0.0,1,0.0
121,4.0333,0,,no_mask,,,,,,,,,0,0.0,,,,,,0,0.0,1,0.0
122,4.0667,0,,no_mask,,,,,,,,,0,0.0,,,,,,0,0.0,1,0.0
123,4.1,0,,no_mask,,,,,,,,,0,0.0,,,,,,0,0.0,1,0.0
124,4.1333,0,,no_mask,,,,,,,,,0,0.0,,,,,,0,0.0,1,0.0
125,4.1667,0,,no_mask,,,,,,,,,0,0.0,,,,,,0,0.0,1,0.0
126,4.2,0,,no_mask,,,,,,,,,0,0.0,,,,,,0,0.0,1,0.0
127,4.2333,0,,no_mask,,,,,,,,,0,0.0,,,,,,0,0.0,1,0.0
128,4.2667,0,,no_mask,,,,,,,,,0,0.0,,,,,,0,0.0,1,0.0
129,4.3,0,,no_mask,,,,,,,,,0,0.0,,,,,,0,0.0,1,0.0
130,4.3333,0,,no_mask,,,,,,,,,0,0.0,,,,,,0,0.0,1,0.0
131,4.3667,0,,no_mask,,,,,,,,,0,0.0,,,,,,0,0.0,1,0.0
132,4.4,0,,no_mask,,,,,,,,,0,0.0,,,,,,0,0.0,1,0.0
133,4.4333,0,,no_mask,,,,,,,,,0,0.0,,,,,,0,0.0,1,0.0
134,4.4667,0,,no_mask,,,,,,,,,0,0.0,,,,,,0,0.0,1,0.0
135,4.5,0,,no_mask,,,,,,,,,0,0.0,,,,,,0,0.0,1,0.0
136,4.5333,0,,no_mask,,,,,,,,,0,0.0,,,,,,0,0.0,1,0.0
137,4.5667,0,,no_mask,,,,,,,,,0,0.0,,,,,,0,0.0,1,0.0
138,4.6,0,,no_mask,,,,,,,,,0,0.0,,,,,,0,0.0,1,0.0
139,4.6333,0,,no_mask,,,,,,,,,0,0.0,,,,,,0,0.0,1,0.0
140,4.6667,0,,no_mask,,,,,,,,,0,0.0,,,,,,0,0.0,1,0.0
141,4.7,0,,no_mask,,,,,,,,,0,0.0,,,,,,0,0.0,1,0.0
142,4.7333,0,,no_mask,,,,,,,,,0,0.0,,,,,,0,0.0,1,0.0
143,4.7667,0,,no_mask,,,,,,,,,0,0.0,,,,,,0,0.0,1,0.0
144,4.8,0,,no_mask,,,,,,,,,0,0.0,,,,,,0,0.0,1,0.0
145,4.8333,0,,no_mask,,,,,,,,,0,0.0,,,,,,0,0.0,1,0.0
146,4.8667,0,,no_mask,,,,,,,,,0,0.0,,,,,,0,0.0,1,0.0
147,4.9,0,,no_mask,,,,,,,,,0,0.0,,,,,,0,0.0,1,0.0
148,4.9333,0,,no_mask,,,,,,,,,0,0.0,,,,,,0,0.0,1,0.0
149,4.9667,0,,no_mask,,,,,,,,,0,0.0,,,,,,0,0.0,1,0.0
150,5.0,0,,no_mask,,,,,,,,,0,0.0,,,,,,0,0.0,1,0.0
151,5.0333,0,,no_mask,,,,,,,,,0,0.0,,,,,,0,0.0,1,0.0
152,5.0667,0,,no_mask,,,,,,,,,0,0.0,,,,,,0,0.0,1,0.0
153,5.1,0,,no_mask,,,,,,,,,0,0.0,,,,,,0,0.0,1,0.0
154,5.1333,0,,no_mask,,,,,,,,,0,0.0,,,,,,0,0.0,1,0.0
155,5.1667,0,,no_mask,,,,,,,,,0,0.0,,,,,,0,0.0,1,0.0
156,5.2,0,,no_mask,,,,,,,,,0,0.0,,,,,,0,0.0,1,0.0
157,5.2333,0,,no_mask,,,,,,,,,0,0.0,,,,,,0,0.0,1,0.0
158,5.2667,0,,no_mask,,,,,,,,,0,0.0,,,,,,0,0.0,1,0.0
159,5.3,0,,no_mask,,,,,,,,,0,0.0,,,,,,0,0.0,1,0.0
160,5.3333,0,,no_mask,,,,,,,,,0,0.0,,,,,,0,0.0,1,0.0
161,5.3667,0,,no_mask,,,,,,,,,0,0.0,,,,,,0,0.0,1,0.0
162,5.4,0,,no_mask,,,,,,,,,0,0.0,,,,,,0,0.0,1,0.0
163,5.4333,0,,no_mask,,,,,,,,,0,0.0,,,,,,0,0.0,1,0.0
164,5.4667,0,,no_mask,,,,,,,,,0,0.0,,,,,,0,0.0,1,0.0
165,5.5,0,,no_mask,,,,,,,,,0,0.0,,,,,,0,0.0,1,0.0
166,5.5333,0,,no_mask,,,,,,,,,0,0.0,,,,,,0,0.0,1,0.0
167,5.5667,0,,no_mask,,,,,,,,,0,0.0,,,,,,0,0.0,1,0.0
168,5.6,0,,no_mask,,,,,,,,,0,0.0,,,,,,0,0.0,1,0.0
169,5.6333,0,,no_mask,,,,,,,,,0,0.0,,,,,,0,0.0,1,0.0
170,5.6667,0,,no_mask,,,,,,,,,0,0.0,,,,,,0,0.0,1,0.0
171,5.7,0,,no_mask,,,,,,,,,0,0.0,,,,,,0,0.0,1,0.0
172,5.7333,0,,no_mask,,,,,,,,,0,0.0,,,,,,0,0.0,1,0.0
173,5.7667,0,,no_mask,,,,,,,,,0,0.0,,,,,,0,0.0,1,0.0
174,5.8,0,,no_mask,,,,,,,,,0,0.0,,,,,,0,0.0,1,0.0
175,5.8333,0,,no_mask,,,,,,,,,0,0.0,,,,,,0,0.0,1,0.0
176,5.8667,0,,no_mask,,,,,,,,,0,0.0,,,,,,0,0.0,1,0.0
177,5.9,0,,no_mask,,,,,,,,,0,0.0,,,,,,0,0.0,1,0.0
178,5.9333,0,,no_mask,,,,,,,,,0,0.0,,,,,,0,0.0,1,0.0
179,5.9667,0,,no_mask,,,,,,,,,0,0.0,,,,,,0,0.0,1,0.0
180,6.0,0,,no_mask,,,,,,,,,0,0.0,,,,,,0,0.0,1,0.0
181,6.0333,0,,no_mask,,,,,,,,,0,0.0,,,,,,0,0.0,1,0.0
182,6.0667,0,,no_mask,,,,,,,,,0,0.0,,,,,,0,0.0,1,0.0
183,6.1,0,,no_mask,,,,,,,,,0,0.0,,,,,,0,0.0,1,0.0
184,6.1333,0,,no_mask,,,,,,,,,0,0.0,,,,,,0,0.0,1,0.0
185,6.1667,0,,no_mask,,,,,,,,,0,0.0,,,,,,0,0.0,1,0.0
186,6.2,0,,no_mask,,,,,,,,,0,0.0,,,,,,0,0.0,1,0.0
187,6.2333,0,,no_mask,,,,,,,,,0,0.0,,,,,,0,0.0,1,0.0
188,6.2667,0,,no_mask,,,,,,,,,0,0.0,,,,,,0,0.0,1,0.0
189,6.3,0,,no_mask,,,,,,,,,0,0.0,,,,,,0,0.0,1,0.0
190,6.3333,0,,no_mask,,,,,,,,,0,0.0,,,,,,0,0.0,1,0.0
191,6.3667,0,,no_mask,,,,,,,,,0,0.0,,,,,,0,0.0,1,0.0
192,6.4,0,,no_mask,,,,,,,,,0,0.0,,,,,,0,0.0,1,0.0
193,6.4333,0,,no_mask,,,,,,,,,0,0.0,,,,,,0,0.0,1,0.0
194,6.4667,0,,no_mask,,,,,,,,,0,0.0,,,,,,0,0.0,1,0.0
195,6.5,0,,no_mask,,,,,,,,,0,0.0,,,,,,0,0.0,1,0.0
196,6.5333,0,,no_mask,,,,,,,,,0,0.0,,,,,,0,0.0,1,0.0
197,6.5667,0,,no_mask,,,,,,,,,0,0.0,,,,,,0,0.0,1,0.0
198,6.6,0,,no_mask,,,,,,,,,0,0.0,,,,,,0,0.0,1,0.0
199,6.6333,0,,no_mask,,,,,,,,,0,0.0,,,,,,0,0.0,1,0.0
200,6.6667,1,mask,,2.4365,-2.2741,,,,,,,113,0.8014,0.2179,0.0035,16.0,112.0,27.02,0,0.8968,1,0.0
201,6.7,1,mask,,2.4734,-0.6189,,49.6553,,,,,111,0.7708,0.197,0.002,17.0,111.0,26.77,0,0.8919,1,0.0
202,6.7333,1,mask,,2.9407,0.4634,,32.4698,,,,,114,0.7808,0.2747,0.011,18.0,113.0,28.12,0,0.8793,1,0.0
203,6.7667,1,mask,,2.2072,1.1604,,20.9115,,,,,104,0.7273,0.2075,0.0174,17.0,109.0,27.85,0,0.8767,1,0.0
204,6.8,1,mask,,2.5242,1.62,,13.7863,,,,,106,0.7413,0.2008,0.0057,17.0,105.0,28.59,0,0.8822,1,0.0
205,6.8333,1,mask,,2.9273,1.9365,,9.4941,,,,,102,0.6939,0.1971,0.0001,16.0,112.0,28.67,0,0.8687,1,0.0
206,6.8667,1,mask,,2.717,2.2096,,8.1957,,,,,109,0.7466,0.1912,0.0056,17.0,108.0,29.03,0,0.8857,1,0.0
207,6.9,1,mask,,2.6952,2.3796,,5.0985,,,,,109,0.7415,0.2246,0.0034,17.0,108.0,29.48,0,0.8775,1,0.0
208,6.9333,1,mask,,2.7996,2.4977,,3.5427,,,,,108,0.7297,0.2276,0.0054,17.0,108.0,29.56,0,0.8734,1,0.0
209,6.9667,1,mask,,3.0097,2.6034,,3.1699,,,,,112,0.7568,0.2662,0.0088,16.0,111.0,28.72,0,0.8738,1,0.0
210,7.0,0,,no_mask,,,,,,,,,0,0.0,,,,,,0,0.0,1,0.0
211,7.0333,0,,no_mask,,,,,,,,,0,0.0,,,,,,0,0.0,1,0.0
212,7.0667,0,,no_mask,,,,,,,,,0,0.0,,,,,,0,0.0,1,0.0
213,7.1,1,mask,,3.0724,2.7566,,,,,,,114,0.7972,0.298,0.0076,16.0,113.0,30.51,0,0.8796,1,0.0
214,7.1333,1,mask,,3.4112,2.9264,,5.0952,,,,,113,0.7386,0.3231,0.0046,17.0,112.0,31.36,0,0.857,1,0.0
215,7.1667,1,mask,,3.5719,3.0961,,5.091,,,,,114,0.7403,0.2541,0.0044,17.0,113.0,32.19,0,0.8713,1,0.0
216,7.2,0,,no_mask,,,,,,,,,0,0.0,,,,,,0,0.0,1,0.0
217,7.2333,0,,no_mask,,,,,,,,,0,0.0,,,,,,0,0.0,1,0.0
218,7.2667,0,,no_mask,,,,,,,,,0,0.0,,,,,,0,0.0,1,0.0
219,7.3,1,mask,,3.8558,3.3123,,,,,,,112,0.7671,0.4162,0.0054,17.0,111.0,32.54,0,0.8469,1,0.0
220,7.3333,1,mask,,3.6876,3.4731,,4.8239,,,,,111,0.7351,0.3295,0.0057,17.0,110.0,33.57,0,0.8546,1,0.0
221,7.3667,1,mask,,3.6402,3.5482,,2.2525,,,,,113,0.7483,0.3518,0.0098,17.0,112.0,33.08,0,0.8542,1,0.0
222,7.4,1,mask,,3.7898,3.6149,,2.0007,,,,,114,0.7451,0.4036,0.0112,16.0,114.0,34.84,0,0.8428,1,0.0
223,7.4333,1,mask,,3.8208,3.6761,,1.837,,,,,115,0.7516,0.486,0.0065,16.0,114.0,34.81,0,0.8283,1,0.0
224,7.4667,1,mask,,4.1827,3.7159,,1.1941,,,,,115,0.7468,0.4329,0.0067,17.0,114.0,36.15,0,0.8375,1,0.0
225,7.5,1,mask,,4.4424,3.7526,,1.1015,,,,,115,0.7419,0.3997,0.0085,17.0,114.0,35.47,0,0.8426,1,0.0
226,7.5333,1,mask,,4.3464,3.9032,,4.5156,,,,,111,0.7161,0.2672,0.0043,16.0,112.0,36.13,0,0.8614,1,0.0
227,7.5667,1,mask,,4.361,4.0583,,4.6536,,,,,115,0.7419,0.2761,0.0023,17.0,115.0,35.95,0,0.8674,1,0.0
228,7.6,1,mask,,4.1465,4.1591,,3.0248,,,,,113,0.8071,0.2038,0.0,16.0,112.0,37.0,0,0.9014,1,0.0
229,7.6333,1,mask,,3.9006,4.2246,,1.9661,,,,,115,0.7877,0.2414,0.0003,16.0,114.0,37.09,0,0.888,1,0.0
230,7.6667,1,mask,,5.7269,4.2672,,1.278,,,,,128,0.8,1.1573,0.0063,17.0,127.0,38.62,0,0.7085,1,0.0
231,7.7,1,mask,,4.0392,4.225,,-1.2674,,,,,111,0.6981,0.2455,0.0068,17.0,114.0,39.06,0,0.8603,1,0.0
232,7.7333,1,mask,,3.942,4.16,,-1.9507,,,,,106,0.6709,0.213,0.0126,17.0,107.0,40.35,0,0.8587,1,0.0
233,7.7667,1,mask,,4.2033,4.1177,,-1.2679,,,,,113,0.8188,0.285,0.0071,17.0,113.0,37.12,0,0.8886,1,0.0
234,7.8,1,mask,,4.0215,4.0902,,-0.8242,,,,,109,0.879,0.266,0.0001,17.0,111.0,36.26,0,0.9105,1,0.0
235,7.8333,1,mask,,3.6589,4.0662,,-0.7218,,,,,109,0.872,0.2787,0.0011,17.0,108.0,36.24,0,0.9059,1,0.0
236,7.8667,1,mask,,4.0003,4.0431,,-0.6922,,,,,107,0.7431,0.2763,0.0028,17.0,108.0,36.29,0,0.8677,1,0.0
237,7.9,1,mask,,3.9321,4.0281,,-0.4499,,,,,105,0.7447,0.276,0.004,17.0,106.0,35.65,0,0.8682,1,0.0
238,7.9333,1,mask,,4.2525,4.0184,,-0.2924,,,,,108,0.7552,0.2507,0.0096,17.0,109.0,37.84,0,0.8764,1,0.0
239,7.9667,1,mask,,4.3994,4.012,,-0.1901,,,,,110,0.7639,0.2963,0.0068,17.0,111.0,37.97,0,0.8699,1,0.0
240,8.0,1,mask,,4.4607,4.0962,,2.5254,,,,,112,0.7724,0.2388,0.0031,17.0,111.0,38.86,0,0.884,1,0.0
241,8.0333,1,mask,,4.4683,4.2023,,3.1839,,,,,113,0.7847,0.2859,0.0,17.0,112.0,36.27,0,0.8782,1,0.0
242,8.0667,1,mask,,4.3596,4.2713,,2.0696,,,,,110,0.7586,0.2442,0.0012,17.0,110.0,35.73,0,0.8787,1,0.0
243,8.1,1,mask,,4.13,4.3162,,1.3452,,,,,106,0.7571,0.2433,0.0077,17.0,107.0,35.35,0,0.8785,1,0.0
244,8.1333,1,mask,,3.892,4.3314,,0.4562,,,,,104,0.7172,0.2597,0.0079,17.0,103.0,36.48,0,0.8632,1,0.0
245,8.1667,1,mask,,4.0732,4.2609,,-2.1148,,,,,106,0.7737,0.2953,0.0124,17.0,105.0,35.06,0,0.873,1,0.0
246,8.2,1,mask,,4.0579,4.1952,,-1.9701,,,,,103,0.7518,0.2595,0.007,17.0,102.0,35.61,0,0.8736,1,0.0
247,8.2333,1,mask,,4.2274,4.1525,,-1.2806,,,,,100,0.7246,0.2204,0.0085,17.0,102.0,35.03,0,0.8733,1,0.0
248,8.2667,1,mask,,4.1988,4.1248,,-0.8324,,,,,101,0.8016,0.3214,0.0052,16.0,101.0,35.12,0,0.8762,1,0.0
249,8.3,1,mask,,4.1896,4.1475,,0.6807,,,,,104,0.7376,0.2808,0.0037,17.0,106.0,33.92,0,0.8651,1,0.0
250,8.3333,1,mask,,4.2832,4.1654,,0.5393,,,,,108,0.8182,0.2839,0.0015,17.0,107.0,35.03,0,0.8887,1,0.0
251,8.3667,1,mask,,4.4775,4.1871,,0.6503,,,,,110,0.7692,0.2575,0.0014,17.0,110.0,35.8,0,0.8793,1,0.0
252,8.4,1,mask,,4.6174,4.2207,,1.0086,,,,,110,0.7639,0.216,0.0032,17.0,109.0,37.29,0,0.886,1,0.0
253,8.4333,1,mask,,4.8464,4.3106,,2.6958,,,,,108,0.7448,0.2327,0.0027,17.0,109.0,37.53,0,0.8769,1,0.0
254,8.4667,1,mask,,4.8994,4.418,,3.2212,,,,,103,0.7007,0.222,0.0062,18.0,109.0,38.66,0,0.8658,1,0.0
255,8.5,1,mask,,4.949,4.5679,,4.4981,,,,,109,0.7415,0.228,0.0013,18.0,111.0,39.46,0,0.8769,1,0.0
256,8.5333,1,mask,,4.7501,4.6654,,2.9237,,,,,111,0.7551,0.2107,0.0001,18.0,110.0,40.04,0,0.8844,1,0.0
257,8.5667,1,mask,,4.9122,4.7473,,2.4576,,,,,110,0.7534,0.2595,0.0093,17.0,113.0,39.06,0,0.8741,1,0.0
258,8.6,1,mask,,4.8606,4.8005,,1.5974,,,,,108,0.7152,0.2431,0.0093,18.0,111.0,40.81,0,0.8659,1,0.0
259,8.6333,1,mask,,4.9013,4.8358,,1.058,,,,,111,0.7303,0.2916,0.0212,17.0,113.0,41.63,0,0.8608,1,0.0
260,8.6667,1,mask,,4.7102,4.8445,,0.2607,,,,,111,0.707,0.275,0.0164,18.0,113.0,42.01,0,0.8571,1,0.0
261,8.7,1,mask,,4.8986,4.8634,,0.5684,,,,,109,0.6855,0.233,0.026,17.0,110.0,41.07,0,0.8591,1,0.0
262,8.7333,1,mask,,5.6763,4.8757,,0.3694,,,,,123,0.7593,0.6592,0.0186,17.0,122.0,43.2,0,0.7959,1,0.0
263,8.7667,1,mask,,5.7009,4.8847,,0.2682,,,,,123,0.764,0.6851,0.0268,17.0,122.0,43.26,0,0.7922,1,0.0
264,8.8,0,mask,rms_too_big,9.2478,,,,,,,,158,1.0,3.3652,0.0306,17.0,162.0,44.06,0,0.7,1,0.0
265,8.8333,1,mask,,5.6151,5.151,,,,,,,120,0.7453,0.8017,0.0284,17.0,119.0,41.81,0,0.7633,1,0.0
266,8.8667,1,mask,,5.6779,5.3352,,5.5235,,,,,120,0.7407,0.775,0.0202,17.0,119.0,43.95,0,0.7672,1,0.0
267,8.9,1,mask,,4.6477,5.4441,,3.2689,,,,,108,0.7714,0.3183,0.0125,17.0,108.0,42.88,0,0.8678,1,0.0
268,8.9333,1,mask,,4.6563,5.3362,,-3.2383,,,,,109,0.8015,0.2855,0.0072,17.0,108.0,43.23,0,0.8833,1,0.0
269,8.9667,1,mask,,4.7736,5.1393,,-5.9068,,,,,108,0.7883,0.2695,0.0066,17.0,109.0,40.97,0,0.8826,1,0.0
270,9.0,1,mask,,4.8247,5.0113,,-3.8394,,,,,110,0.7971,0.2471,0.006,17.0,110.0,41.62,0,0.8897,1,0.0
271,9.0333,1,mask,,4.9397,4.9281,,-2.4956,,,,,112,0.8058,0.2502,0.0051,17.0,111.0,40.58,0,0.8917,1,0.0
272,9.0667,1,mask,,4.7987,4.8828,,-1.3591,,,,,112,0.8116,0.272,0.0026,17.0,111.0,41.59,0,0.8891,1,0.0
273,9.1,1,mask,,4.853,4.8625,,-0.6104,,,,,107,0.7431,0.2218,0.0125,18.0,110.0,41.35,0,0.8786,1,0.0
274,9.1333,1,mask,,4.956,4.8591,,-0.0994,,,,,112,0.7671,0.3183,0.009,18.0,111.0,42.96,0,0.8665,1,0.0
275,9.1667,1,mask,,5.1264,4.8873,,0.8459,,,,,114,0.8444,0.3754,0.0034,17.0,113.0,42.85,0,0.8783,1,0.0
276,9.2,1,mask,,5.118,4.9114,,0.7214,,,,,114,0.7703,0.3583,0.0024,18.0,114.0,44.83,0,0.8594,1,0.0
277,9.2333,1,mask,,4.9755,4.9338,,0.673,,,,,111,0.7551,0.3815,0.0018,18.0,110.0,46.27,0,0.8502,1,0.0
278,9.2667,1,mask,,5.6278,4.9983,,1.9339,,,,,117,0.7748,0.5853,0.0065,18.0,116.0,47.15,0,0.8154,1,0.0
279,9.3,1,mask,,5.6377,5.0431,,1.3455,,,,,120,0.7742,0.5554,0.0049,18.0,119.0,42.85,0,0.8212,1,0.0
280,9.3333,1,mask,,5.7531,5.2478,,6.1392,,,,,119,0.7677,0.6345,0.0005,18.0,118.0,42.19,0,0.8034,1,0.0
281,9.3667,1,mask,,6.1368,5.3843,,4.0945,,,,,121,0.7806,0.8493,0.0044,18.0,120.0,,0,0.7643,1,0.0
282,9.4,0,mask,rms_too_big,6.7363,,,,,,,,126,0.8077,1.2242,0.0012,18.0,125.0,40.16,0,0.6975,1,0.0
283,9.4333,1,mask,,5.0908,5.4932,,,,,,,113,0.7338,0.3855,0.0017,18.0,112.0,40.95,0,0.843,1,0.0
284,9.4667,1,mask,,6.4345,5.6513,,4.744,,,,,123,0.7688,0.9735,0.0031,18.0,122.0,39.62,0,0.7359,1,0.0
285,9.5,0,mask,rms_too_big,8.407,,,,,,,,151,0.9557,2.6884,0.0288,18.0,150.0,39.07,0,0.6867,1,0.0
286,9.5333,0,mask,rms_too_big,9.3045,,,,,,,,160,1.0,3.1604,0.006,18.0,161.0,38.83,0,0.7,1,0.0
287,9.5667,0,,no_mask,,,,,,,,,0,0.0,,,,,,0,0.0,1,0.0
288,9.6,0,,no_mask,,,,,,,,,0,0.0,,,,,,0,0.0,1,0.0
289,9.6333,0,,no_mask,,,,,,,,,0,0.0,,,,,,0,0.0,1,0.0
290,9.6667,1,mask,,4.7468,5.3347,,,,,,,109,0.7171,0.304,0.0026,17.0,111.0,35.28,0,0.8543,1,0.0
291,9.7,0,mask,rms_too_big,11.3065,,,,,,,,172,1.0,4.0405,0.0265,18.0,181.0,34.37,0,0.7,1,0.0
292,9.7333,0,mask,rms_too_big,10.2146,,,,,,,,165,0.9821,3.4932,0.0142,18.0,183.0,34.49,0,0.6946,1,0.0
293,9.7667,0,,no_mask,,,,,,,,,0,0.0,,,,,,0,0.0,1,0.0
294,9.8,0,,no_mask,,,,,,,,,0,0.0,,,,,,0,0.0,1,0.0
295,9.8333,0,,no_mask,,,,,,,,,0,0.0,,,,,,0,0.0,1,0.0
296,9.8667,1,mask,,4.861,5.1689,,,,,,,112,0.7724,0.2288,0.0085,17.0,112.0,33.84,0,0.886,1,0.0
297,9.9,0,mask,rms_too_big,10.207,,,,,,,,164,1.0,3.5126,0.0257,18.0,167.0,33.25,0,0.7,1,0.0
298,9.9333,0,mask,rms_too_big,10.4727,,,,,,,,169,1.0,3.6267,0.02,18.0,169.0,33.2,0,0.7,1,0.0
299,9.9667,0,mask,rms_too_big,10.4391,,,,,,,,168,1.0,3.7216,0.0157,18.0,170.0,33.11,0,0.7,1,0.0
300,10.0,0,,no_mask,,,,,,,,,0,0.0,,,,,,0,0.0,1,0.0
301,10.0333,0,,no_mask,,,,,,,,,0,0.0,,,,,,0,0.0,1,0.0
302,10.0667,0,,no_mask,,,,,,,,,0,0.0,,,,,,0,0.0,1,0.0
303,10.1,0,,no_mask,,,,,,,,,0,0.0,,,,,,0,0.0,1,0.0
304,10.1333,0,,no_mask,,,,,,,,,0,0.0,,,,,,0,0.0,1,0.0
305,10.1667,0,,no_mask,,,,,,,,,0,0.0,,,,,,0,0.0,1,0.0
306,10.2,0,,no_mask,,,,,,,,,0,0.0,,,,,,0,0.0,1,0.0
307,10.2333,0,,no_mask,,,,,,,,,0,0.0,,,,,,0,0.0,1,0.0
308,10.2667,0,,no_mask,,,,,,,,,0,0.0,,,,,,0,0.0,1,0.0
309,10.3,0,,no_mask,,,,,,,,,0,0.0,,,,,,0,0.0,1,0.0
310,10.3333,0,,no_mask,,,,,,,,,0,0.0,,,,,,0,0.0,1,0.0
311,10.3667,0,,no_mask,,,,,,,,,0,0.0,,,,,,0,0.0,1,0.0
312,10.4,0,,no_mask,,,,,,,,,0,0.0,,,,,,0,0.0,1,0.0
313,10.4333,0,,no_mask,,,,,,,,,0,0.0,,,,,,0,0.0,1,0.0
314,10.4667,0,,no_mask,,,,,,,,,0,0.0,,,,,,0,0.0,1,0.0
315,10.5,0,,no_mask,,,,,,,,,0,0.0,,,,,,0,0.0,1,0.0
316,10.5333,0,,no_mask,,,,,,,,,0,0.0,,,,,,0,0.0,1,0.0
317,10.5667,0,,no_mask,,,,,,,,,0,0.0,,,,,,0,0.0,1,0.0
318,10.6,0,,no_mask,,,,,,,,,0,0.0,,,,,,0,0.0,1,0.0
319,10.6333,0,,no_mask,,,,,,,,,0,0.0,,,,,,0,0.0,1,0.0
320,10.6667,0,,no_mask,,,,,,,,,0,0.0,,,,,,0,0.0,1,0.0
321,10.7,0,,no_mask,,,,,,,,,0,0.0,,,,,,0,0.0,1,0.0
322,10.7333,0,,no_mask,,,,,,,,,0,0.0,,,,,,0,0.0,1,0.0
323,10.7667,0,,no_mask,,,,,,,,,0,0.0,,,,,,0,0.0,1,0.0
324,10.8,0,,no_mask,,,,,,,,,0,0.0,,,,,,0,0.0,1,0.0
325,10.8333,0,,no_mask,,,,,,,,,0,0.0,,,,,,0,0.0,1,0.0
326,10.8667,0,,no_mask,,,,,,,,,0,0.0,,,,,,0,0.0,1,0.0
327,10.9,0,,no_mask,,,,,,,,,0,0.0,,,,,,0,0.0,1,0.0
328,10.9333,0,,no_mask,,,,,,,,,0,0.0,,,,,,0,0.0,1,0.0
329,10.9667,0,,no_mask,,,,,,,,,0,0.0,,,,,,0,0.0,1,0.0
330,11.0,0,,no_mask,,,,,,,,,0,0.0,,,,,,0,0.0,1,0.0
331,11.0333,0,,no_mask,,,,,,,,,0,0.0,,,,,,0,0.0,1,0.0
332,11.0667,0,,no_mask,,,,,,,,,0,0.0,,,,,,0,0.0,1,0.0
333,11.1,0,,no_mask,,,,,,,,,0,0.0,,,,,,0,0.0,1,0.0
334,11.1333,0,,no_mask,,,,,,,,,0,0.0,,,,,,0,0.0,1,0.0
335,11.1667,0,,no_mask,,,,,,,,,0,0.0,,,,,,0,0.0,1,0.0
336,11.2,0,,no_mask,,,,,,,,,0,0.0,,,,,,0,0.0,1,0.0
337,11.2333,0,,no_mask,,,,,,,,,0,0.0,,,,,,0,0.0,1,0.0
338,11.2667,0,,no_mask,,,,,,,,,0,0.0,,,,,,0,0.0,1,0.0
339,11.3,0,,no_mask,,,,,,,,,0,0.0,,,,,,0,0.0,1,0.0
340,11.3333,0,,no_mask,,,,,,,,,0,0.0,,,,,,0,0.0,1,0.0
341,11.3667,0,,no_mask,,,,,,,,,0,0.0,,,,,,0,0.0,1,0.0
342,11.4,0,,no_mask,,,,,,,,,0,0.0,,,,,,0,0.0,1,0.0
343,11.4333,0,,no_mask,,,,,,,,,0,0.0,,,,,,0,0.0,1,0.0
344,11.4667,0,,no_mask,,,,,,,,,0,0.0,,,,,,0,0.0,1,0.0
345,11.5,0,,no_mask,,,,,,,,,0,0.0,,,,,,0,0.0,1,0.0
346,11.5333,0,,no_mask,,,,,,,,,0,0.0,,,,,,0,0.0,1,0.0
347,11.5667,0,,no_mask,,,,,,,,,0,0.0,,,,,,0,0.0,1,0.0
348,11.6,0,,no_mask,,,,,,,,,0,0.0,,,,,,0,0.0,1,0.0
349,11.6333,0,,no_mask,,,,,,,,,0,0.0,,,,,,0,0.0,1,0.0
350,11.6667,0,,no_mask,,,,,,,,,0,0.0,,,,,,0,0.0,1,0.0
351,11.7,0,,no_mask,,,,,,,,,0,0.0,,,,,,0,0.0,1,0.0
352,11.7333,0,,no_mask,,,,,,,,,0,0.0,,,,,,0,0.0,1,0.0
353,11.7667,0,,no_mask,,,,,,,,,0,0.0,,,,,,0,0.0,1,0.0
354,11.8,0,,no_mask,,,,,,,,,0,0.0,,,,,,0,0.0,1,0.0
355,11.8333,0,,no_mask,,,,,,,,,0,0.0,,,,,,0,0.0,1,0.0
356,11.8667,0,,no_mask,,,,,,,,,0,0.0,,,,,,0,0.0,1,0.0
357,11.9,0,,no_mask,,,,,,,,,0,0.0,,,,,,0,0.0,1,0.0
358,11.9333,0,,no_mask,,,,,,,,,0,0.0,,,,,,0,0.0,1,0.0
359,11.9667,0,,no_mask,,,,,,,,,0,0.0,,,,,,0,0.0,1,0.0
360,12.0,0,,no_mask,,,,,,,,,0,0.0,,,,,,0,0.0,1,0.0
361,12.0333,0,,no_mask,,,,,,,,,0,0.0,,,,,,0,0.0,1,0.0
362,12.0667,0,,no_mask,,,,,,,,,0,0.0,,,,,,0,0.0,1,0.0
363,12.1,0,,no_mask,,,,,,,,,0,0.0,,,,,,0,0.0,1,0.0
364,12.1333,0,,no_mask,,,,,,,,,0,0.0,,,,,,0,0.0,1,0.0
365,12.1667,0,,no_mask,,,,,,,,,0,0.0,,,,,,0,0.0,1,0.0
366,12.2,0,,no_mask,,,,,,,,,0,0.0,,,,,,0,0.0,1,0.0
367,12.2333,0,,no_mask,,,,,,,,,0,0.0,,,,,,0,0.0,1,0.0
368,12.2667,0,,no_mask,,,,,,,,,0,0.0,,,,,,0,0.0,1,0.0
369,12.3,0,,no_mask,,,,,,,,,0,0.0,,,,,,0,0.0,1,0.0
370,12.3333,0,,no_mask,,,,,,,,,0,0.0,,,,,,0,0.0,1,0.0
371,12.3667,0,,no_mask,,,,,,,,,0,0.0,,,,,,0,0.0,1,0.0
372,12.4,0,,no_mask,,,,,,,,,0,0.0,,,,,,0,0.0,1,0.0
373,12.4333,0,,no_mask,,,,,,,,,0,0.0,,,,,,0,0.0,1,0.0
374,12.4667,0,,no_mask,,,,,,,,,0,0.0,,,,,,0,0.0,1,0.0
375,12.5,0,,no_mask,,,,,,,,,0,0.0,,,,,,0,0.0,1,0.0
376,12.5333,0,,no_mask,,,,,,,,,0,0.0,,,,,,0,0.0,1,0.0
377,12.5667,0,,no_mask,,,,,,,,,0,0.0,,,,,,0,0.0,1,0.0
378,12.6,0,,no_mask,,,,,,,,,0,0.0,,,,,,0,0.0,1,0.0
379,12.6333,0,,no_mask,,,,,,,,,0,0.0,,,,,,0,0.0,1,0.0
380,12.6667,0,,no_mask,,,,,,,,,0,0.0,,,,,,0,0.0,1,0.0
381,12.7,0,,no_mask,,,,,,,,,0,0.0,,,,,,0,0.0,1,0.0
382,12.7333,0,,no_mask,,,,,,,,,0,0.0,,,,,,0,0.0,1,0.0
383,12.7667,0,,no_mask,,,,,,,,,0,0.0,,,,,,0,0.0,1,0.0
384,12.8,0,,no_mask,,,,,,,,,0,0.0,,,,,,0,0.0,1,0.0
385,12.8333,0,,no_mask,,,,,,,,,0,0.0,,,,,,0,0.0,1,0.0
386,12.8667,0,,no_mask,,,,,,,,,0,0.0,,,,,,0,0.0,1,0.0
387,12.9,0,,no_mask,,,,,,,,,0,0.0,,,,,,0,0.0,1,0.0
388,12.9333,0,,no_mask,,,,,,,,,0,0.0,,,,,,0,0.0,1,0.0
389,12.9667,0,,no_mask,,,,,,,,,0,0.0,,,,,,0,0.0,1,0.0
390,13.0,0,,no_mask,,,,,,,,,0,0.0,,,,,,0,0.0,1,0.0
391,13.0333,0,,no_mask,,,,,,,,,0,0.0,,,,,,0,0.0,1,0.0
392,13.0667,0,,no_mask,,,,,,,,,0,0.0,,,,,,0,0.0,1,0.0
393,13.1,0,,no_mask,,,,,,,,,0,0.0,,,,,,0,0.0,1,0.0
394,13.1333,0,,no_mask,,,,,,,,,0,0.0,,,,,,0,0.0,1,0.0
395,13.1667,0,,no_mask,,,,,,,,,0,0.0,,,,,,0,0.0,1,0.0
396,13.2,0,,no_mask,,,,,,,,,0,0.0,,,,,,0,0.0,1,0.0
397,13.2333,0,,no_mask,,,,,,,,,0,0.0,,,,,,0,0.0,1,0.0
398,13.2667,0,,no_mask,,,,,,,,,0,0.0,,,,,,0,0.0,1,0.0
399,13.3,0,,no_mask,,,,,,,,,0,0.0,,,,,,0,0.0,1,0.0
400,13.3333,1,mask,,1.0481,3.7266,,,,,,,102,0.7907,0.1937,0.0187,17.0,106.0,28.29,0,0.8985,1,0.0
401,13.3667,1,mask,,0.6355,2.7169,,-30.291,,,,,91,0.8585,0.1627,0.0,17.0,92.0,29.16,0,0.925,1,0.0
402,13.4,1,mask,,0.6791,2.0037,,-21.3973,,,,,93,0.7949,0.2124,0.0093,17.0,99.0,29.3,0,0.896,1,0.0
403,13.4333,1,mask,,0.6422,1.5336,,-14.1017,,,,,96,0.8421,0.2431,0.0093,17.5,99.0,29.23,0,0.904,1,0.0
404,13.4667,1,mask,,0.8026,1.2345,,-8.9726,,,,,99,0.8609,0.185,0.007,18.0,99.0,29.94,0,0.9213,1,0.0
405,13.5,1,mask,,0.7501,1.0401,,-5.8322,,,,,95,0.819,0.1571,0.0157,18.0,100.0,30.25,0,0.9143,1,0.0
406,13.5333,1,mask,,0.7377,0.9343,,-3.1757,,,,,101,0.8707,0.1787,0.0077,18.0,102.0,30.44,0,0.9255,1,0.0
407,13.5667,0,,no_mask,,,,,,,,,0,0.0,,,,,,0,0.0,1,0.0
408,13.6,0,,no_mask,,,,,,,,,0,0.0,,,,,,0,0.0,1,0.0
409,13.6333,0,,no_mask,,,,,,,,,0,0.0,,,,,,0,0.0,1,0.0
410,13.6667,1,mask,,0.3867,0.8041,,,,,,,113,0.9113,0.2875,0.0091,18.0,112.0,29.02,0,0.9159,1,0.0
411,13.7,1,mask,,0.0,0.5903,,-6.4123,,,,,77,0.6417,0.0,0.0,18.0,99.0,27.66,0,0.8925,1,0.0
412,13.7333,1,mask,,0.1747,0.4448,,-4.3642,,,,,93,0.7815,0.1627,0.0,18.0,102.0,28.05,0,0.9019,1,0.0
413,13.7667,0,,no_mask,,,,,,,,,0,0.0,,,,,,0,0.0,1,0.0
414,13.8,0,,no_mask,,,,,,,,,0,0.0,,,,,,0,0.0,1,0.0
415,13.8333,0,,no_mask,,,,,,,,,0,0.0,,,,,,0,0.0,1,0.0
416,13.8667,1,mask,,0.5799,0.4212,,,,,,,111,0.881,0.3433,0.0086,17.0,110.0,27.49,0,0.8956,1,0.0
417,13.9,1,mask,,-0.0,0.3753,,-1.3779,,,,,86,0.7611,0.0,0.0,17.0,90.0,27.47,0,0.9283,1,0.0
418,13.9333,1,mask,,-0.0,0.2439,,-3.9403,,,,,63,0.5478,0.0,0.0,17.0,97.0,27.44,0,0.8643,1,0.0
419,13.9667,1,mask,,0.1068,0.1772,,-2.0005,,,,,102,0.9273,0.3904,0.0072,17.0,107.0,27.43,0,0.9001,1,0.0
420,14.0,0,,no_mask,,,,,,,,,0,0.0,,,,,,0,0.0,1,0.0
421,14.0333,0,,no_mask,,,,,,,,,0,0.0,,,,,,0,0.0,1,0.0
422,14.0667,0,,no_mask,,,,,,,,,0,0.0,,,,,,0,0.0,1,0.0
423,14.1,1,mask,,0.0,0.1339,,,,,,,87,0.6905,0.0,0.0,17.0,99.0,26.8,0,0.9071,1,0.0
424,14.1333,1,mask,,-0.2081,0.0506,,-2.4982,,,,,77,0.6525,0.1771,0.0156,17.0,100.0,27.4,0,0.8604,1,0.0
425,14.1667,1,mask,,-0.0,0.0329,,-0.5315,,,,,65,0.5508,0.0,0.0325,16.0,95.0,28.0,0,0.8653,1,0.0
426,14.2,0,,no_mask,,,,,,,,,0,0.0,,,,,,0,0.0,1,0.0
427,14.2333,0,,no_mask,,,,,,,,,0,0.0,,,,,,0,0.0,1,0.0
428,14.2667,0,,no_mask,,,,,,,,,0,0.0,,,,,,0,0.0,1,0.0
429,14.3,1,mask,,0.0,0.0214,,,,,,,82,0.7069,0.0,0.0,16.0,106.0,29.85,0,0.9121,1,0.0
430,14.3333,1,mask,,0.0,0.0139,,-0.2246,,,,,90,0.7895,0.0,0.0,17.0,102.0,29.88,0,0.9368,1,0.0
431,14.3667,1,mask,,0.0,0.009,,-0.146,,,,,80,0.7207,0.0,0.0,17.0,103.0,29.86,0,0.9162,1,0.0
432,14.4,1,mask,,-0.0,0.0059,,-0.0949,,,,,61,0.5596,0.0,0.0,17.0,94.0,30.09,0,0.8679,1,0.0
433,14.4333,0,,no_mask,,,,,,,,,0,0.0,,,,,,0,0.0,1,0.0
434,14.4667,0,,no_mask,,,,,,,,,0,0.0,,,,,,0,0.0,1,0.0
435,14.5,0,,no_mask,,,,,,,,,0,0.0,,,,,,0,0.0,1,0.0
436,14.5333,0,,no_mask,,,,,,,,,0,0.0,,,,,,0,0.0,1,0.0
437,14.5667,0,,no_mask,,,,,,,,,0,0.0,,,,,,0,0.0,1,0.0
438,14.6,0,,no_mask,,,,,,,,,0,0.0,,,,,,0,0.0,1,0.0
439,14.6333,0,,no_mask,,,,,,,,,0,0.0,,,,,,0,0.0,1,0.0
440,14.6667,0,,no_mask,,,,,,,,,0,0.0,,,,,,0,0.0,1,0.0
441,14.7,0,,no_mask,,,,,,,,,0,0.0,,,,,,0,0.0,1,0.0
442,14.7333,0,,no_mask,,,,,,,,,0,0.0,,,,,,0,0.0,1,0.0
443,14.7667,0,,no_mask,,,,,,,,,0,0.0,,,,,,0,0.0,1,0.0
444,14.8,0,,no_mask,,,,,,,,,0,0.0,,,,,,0,0.0,1,0.0
445,14.8333,0,,no_mask,,,,,,,,,0,0.0,,,,,,0,0.0,1,0.0
446,14.8667,0,,no_mask,,,,,,,,,0,0.0,,,,,,0,0.0,1,0.0
447,14.9,0,,no_mask,,,,,,,,,0,0.0,,,,,,0,0.0,1,0.0
448,14.9333,0,,no_mask,,,,,,,,,0,0.0,,,,,,0,0.0,1,0.0
449,14.9667,0,,no_mask,,,,,,,,,0,0.0,,,,,,0,0.0,1,0.0
450,15.0,0,,no_mask,,,,,,,,,0,0.0,,,,,,0,0.0,1,0.0
451,15.0333,0,,no_mask,,,,,,,,,0,0.0,,,,,,0,0.0,1,0.0
452,15.0667,0,,no_mask,,,,,,,,,0,0.0,,,,,,0,0.0,1,0.0
453,15.1,0,,no_mask,,,,,,,,,0,0.0,,,,,,0,0.0,1,0.0
454,15.1333,0,,no_mask,,,,,,,,,0,0.0,,,,,,0,0.0,1,0.0
455,15.1667,0,,no_mask,,,,,,,,,0,0.0,,,,,,0,0.0,1,0.0
456,15.2,0,,no_mask,,,,,,,,,0,0.0,,,,,,0,0.0,1,0.0
457,15.2333,0,,no_mask,,,,,,,,,0,0.0,,,,,,0,0.0,1,0.0
458,15.2667,0,,no_mask,,,,,,,,,0,0.0,,,,,,0,0.0,1,0.0
459,15.3,0,,no_mask,,,,,,,,,0,0.0,,,,,,0,0.0,1,0.0
460,15.3333,0,,no_mask,,,,,,,,,0,0.0,,,,,,0,0.0,1,0.0
461,15.3667,0,,no_mask,,,,,,,,,0,0.0,,,,,,0,0.0,1,0.0
462,15.4,0,,no_mask,,,,,,,,,0,0.0,,,,,,0,0.0,1,0.0
463,15.4333,0,,no_mask,,,,,,,,,0,0.0,,,,,,0,0.0,1,0.0
464,15.4667,0,,no_mask,,,,,,,,,0,0.0,,,,,,0,0.0,1,0.0
465,15.5,0,,no_mask,,,,,,,,,0,0.0,,,,,,0,0.0,1,0.0
466,15.5333,0,,no_mask,,,,,,,,,0,0.0,,,,,,0,0.0,1,0.0
467,15.5667,0,,no_mask,,,,,,,,,0,0.0,,,,,,0,0.0,1,0.0
468,15.6,0,,no_mask,,,,,,,,,0,0.0,,,,,,0,0.0,1,0.0
469,15.6333,0,,no_mask,,,,,,,,,0,0.0,,,,,,0,0.0,1,0.0
470,15.6667,0,,no_mask,,,,,,,,,0,0.0,,,,,,0,0.0,1,0.0
471,15.7,0,,no_mask,,,,,,,,,0,0.0,,,,,,0,0.0,1,0.0
472,15.7333,0,,no_mask,,,,,,,,,0,0.0,,,,,,0,0.0,1,0.0
473,15.7667,0,,no_mask,,,,,,,,,0,0.0,,,,,,0,0.0,1,0.0
474,15.8,0,,no_mask,,,,,,,,,0,0.0,,,,,,0,0.0,1,0.0
475,15.8333,0,,no_mask,,,,,,,,,0,0.0,,,,,,0,0.0,1,0.0
476,15.8667,0,,no_mask,,,,,,,,,0,0.0,,,,,,0,0.0,1,0.0
477,15.9,0,,no_mask,,,,,,,,,0,0.0,,,,,,0,0.0,1,0.0
478,15.9333,0,,no_mask,,,,,,,,,0,0.0,,,,,,0,0.0,1,0.0
479,15.9667,0,,no_mask,,,,,,,,,0,0.0,,,,,,0,0.0,1,0.0
480,16.0,0,,no_mask,,,,,,,,,0,0.0,,,,,,0,0.0,1,0.0
481,16.0333,0,,no_mask,,,,,,,,,0,0.0,,,,,,0,0.0,1,0.0
482,16.0667,0,,no_mask,,,,,,,,,0,0.0,,,,,,0,0.0,1,0.0
483,16.1,0,,no_mask,,,,,,,,,0,0.0,,,,,,0,0.0,1,0.0
484,16.1333,0,,no_mask,,,,,,,,,0,0.0,,,,,,0,0.0,1,0.0
485,16.1667,0,,no_mask,,,,,,,,,0,0.0,,,,,,0,0.0,1,0.0
486,16.2,0,,no_mask,,,,,,,,,0,0.0,,,,,,0,0.0,1,0.0
487,16.2333,0,,no_mask,,,,,,,,,0,0.0,,,,,,0,0.0,1,0.0
488,16.2667,0,,no_mask,,,,,,,,,0,0.0,,,,,,0,0.0,1,0.0
489,16.3,0,,no_mask,,,,,,,,,0,0.0,,,,,,0,0.0,1,0.0
490,16.3333,0,,no_mask,,,,,,,,,0,0.0,,,,,,0,0.0,1,0.0
491,16.3667,0,,no_mask,,,,,,,,,0,0.0,,,,,,0,0.0,1,0.0
492,16.4,0,,no_mask,,,,,,,,,0,0.0,,,,,,0,0.0,1,0.0
493,16.4333,0,,no_mask,,,,,,,,,0,0.0,,,,,,0,0.0,1,0.0
494,16.4667,0,,no_mask,,,,,,,,,0,0.0,,,,,,0,0.0,1,0.0
495,16.5,0,,no_mask,,,,,,,,,0,0.0,,,,,,0,0.0,1,0.0
496,16.5333,0,,no_mask,,,,,,,,,0,0.0,,,,,,0,0.0,1,0.0
497,16.5667,0,,no_mask,,,,,,,,,0,0.0,,,,,,0,0.0,1,0.0
498,16.6,0,,no_mask,,,,,,,,,0,0.0,,,,,,0,0.0,1,0.0
499,16.6333,0,,no_mask,,,,,,,,,0,0.0,,,,,,0,0.0,1,0.0
500,16.6667,0,,no_mask,,,,,,,,,0,0.0,,,,,,0,0.0,1,0.0
501,16.7,0,,no_mask,,,,,,,,,0,0.0,,,,,,0,0.0,1,0.0
502,16.7333,0,,no_mask,,,,,,,,,0,0.0,,,,,,0,0.0,1,0.0
503,16.7667,0,,no_mask,,,,,,,,,0,0.0,,,,,,0,0.0,1,0.0
504,16.8,0,,no_mask,,,,,,,,,0,0.0,,,,,,0,0.0,1,0.0
505,16.8333,0,,no_mask,,,,,,,,,0,0.0,,,,,,0,0.0,1,0.0
506,16.8667,0,,no_mask,,,,,,,,,0,0.0,,,,,,0,0.0,1,0.0
507,16.9,0,,no_mask,,,,,,,,,0,0.0,,,,,,0,0.0,1,0.0
508,16.9333,0,,no_mask,,,,,,,,,0,0.0,,,,,,0,0.0,1,0.0
509,16.9667,0,,no_mask,,,,,,,,,0,0.0,,,,,,0,0.0,1,0.0
510,17.0,0,,no_mask,,,,,,,,,0,0.0,,,,,,0,0.0,1,0.0
511,17.0333,0,,no_mask,,,,,,,,,0,0.0,,,,,,0,0.0,1,0.0
512,17.0667,0,,no_mask,,,,,,,,,0,0.0,,,,,,0,0.0,1,0.0
513,17.1,0,,no_mask,,,,,,,,,0,0.0,,,,,,0,0.0,1,0.0
514,17.1333,0,,no_mask,,,,,,,,,0,0.0,,,,,,0,0.0,1,0.0
515,17.1667,0,,no_mask,,,,,,,,,0,0.0,,,,,,0,0.0,1,0.0
516,17.2,0,,no_mask,,,,,,,,,0,0.0,,,,,,0,0.0,1,0.0
517,17.2333,0,,no_mask,,,,,,,,,0,0.0,,,,,,0,0.0,1,0.0
518,17.2667,0,,no_mask,,,,,,,,,0,0.0,,,,,,0,0.0,1,0.0
519,17.3,0,,no_mask,,,,,,,,,0,0.0,,,,,,0,0.0,1,0.0
520,17.3333,0,,no_mask,,,,,,,,,0,0.0,,,,,,0,0.0,1,0.0
521,17.3667,0,,no_mask,,,,,,,,,0,0.0,,,,,,0,0.0,1,0.0
522,17.4,0,,no_mask,,,,,,,,,0,0.0,,,,,,0,0.0,1,0.0
523,17.4333,0,,no_mask,,,,,,,,,0,0.0,,,,,,0,0.0,1,0.0
524,17.4667,0,,no_mask,,,,,,,,,0,0.0,,,,,,0,0.0,1,0.0
525,17.5,0,,no_mask,,,,,,,,,0,0.0,,,,,,0,0.0,1,0.0
526,17.5333,0,,no_mask,,,,,,,,,0,0.0,,,,,,0,0.0,1,0.0
527,17.5667,0,,no_mask,,,,,,,,,0,0.0,,,,,,0,0.0,1,0.0
528,17.6,0,,no_mask,,,,,,,,,0,0.0,,,,,,0,0.0,1,0.0
529,17.6333,0,,no_mask,,,,,,,,,0,0.0,,,,,,0,0.0,1,0.0
530,17.6667,0,,no_mask,,,,,,,,,0,0.0,,,,,,0,0.0,1,0.0
531,17.7,0,,no_mask,,,,,,,,,0,0.0,,,,,,0,0.0,1,0.0
532,17.7333,0,,no_mask,,,,,,,,,0,0.0,,,,,,0,0.0,1,0.0
533,17.7667,0,,no_mask,,,,,,,,,0,0.0,,,,,,0,0.0,1,0.0
534,17.8,0,,no_mask,,,,,,,,,0,0.0,,,,,,0,0.0,1,0.0
535,17.8333,0,,no_mask,,,,,,,,,0,0.0,,,,,,0,0.0,1,0.0
536,17.8667,0,,no_mask,,,,,,,,,0,0.0,,,,,,0,0.0,1,0.0
537,17.9,0,,no_mask,,,,,,,,,0,0.0,,,,,,0,0.0,1,0.0
538,17.9333,0,,no_mask,,,,,,,,,0,0.0,,,,,,0,0.0,1,0.0
539,17.9667,0,,no_mask,,,,,,,,,0,0.0,,,,,,0,0.0,1,0.0
540,18.0,0,,no_mask,,,,,,,,,0,0.0,,,,,,0,0.0,1,0.0
541,18.0333,0,,no_mask,,,,,,,,,0,0.0,,,,,,0,0.0,1,0.0
542,18.0667,0,,no_mask,,,,,,,,,0,0.0,,,,,,0,0.0,1,0.0
543,18.1,0,,no_mask,,,,,,,,,0,0.0,,,,,,0,0.0,1,0.0
544,18.1333,0,,no_mask,,,,,,,,,0,0.0,,,,,,0,0.0,1,0.0
545,18.1667,0,,no_mask,,,,,,,,,0,0.0,,,,,,0,0.0,1,0.0
546,18.2,0,,no_mask,,,,,,,,,0,0.0,,,,,,0,0.0,1,0.0
547,18.2333,0,,no_mask,,,,,,,,,0,0.0,,,,,,0,0.0,1,0.0
548,18.2667,0,,no_mask,,,,,,,,,0,0.0,,,,,,0,0.0,1,0.0
549,18.3,0,,no_mask,,,,,,,,,0,0.0,,,,,,0,0.0,1,0.0
550,18.3333,0,,no_mask,,,,,,,,,0,0.0,,,,,,0,0.0,1,0.0
551,18.3667,0,,no_mask,,,,,,,,,0,0.0,,,,,,0,0.0,1,0.0
552,18.4,0,,no_mask,,,,,,,,,0,0.0,,,,,,0,0.0,1,0.0
553,18.4333,0,,no_mask,,,,,,,,,0,0.0,,,,,,0,0.0,1,0.0
554,18.4667,0,,no_mask,,,,,,,,,0,0.0,,,,,,0,0.0,1,0.0
555,18.5,0,,no_mask,,,,,,,,,0,0.0,,,,,,0,0.0,1,0.0
556,18.5333,0,,no_mask,,,,,,,,,0,0.0,,,,,,0,0.0,1,0.0
557,18.5667,0,,no_mask,,,,,,,,,0,0.0,,,,,,0,0.0,1,0.0
558,18.6,0,,no_mask,,,,,,,,,0,0.0,,,,,,0,0.0,1,0.0
559,18.6333,0,,no_mask,,,,,,,,,0,0.0,,,,,,0,0.0,1,0.0
560,18.6667,0,,no_mask,,,,,,,,,0,0.0,,,,,,0,0.0,1,0.0
561,18.7,0,,no_mask,,,,,,,,,0,0.0,,,,,,0,0.0,1,0.0
562,18.7333,0,,no_mask,,,,,,,,,0,0.0,,,,,,0,0.0,1,0.0
563,18.7667,0,,no_mask,,,,,,,,,0,0.0,,,,,,0,0.0,1,0.0
564,18.8,0,,no_mask,,,,,,,,,0,0.0,,,,,,0,0.0,1,0.0
565,18.8333,0,,no_mask,,,,,,,,,0,0.0,,,,,,0,0.0,1,0.0
566,18.8667,0,,no_mask,,,,,,,,,0,0.0,,,,,,0,0.0,1,0.0
567,18.9,0,,no_mask,,,,,,,,,0,0.0,,,,,,0,0.0,1,0.0
568,18.9333,0,,no_mask,,,,,,,,,0,0.0,,,,,,0,0.0,1,0.0
569,18.9667,0,,no_mask,,,,,,,,,0,0.0,,,,,,0,0.0,1,0.0
570,19.0,0,,no_mask,,,,,,,,,0,0.0,,,,,,0,0.0,1,0.0
571,19.0333,0,,no_mask,,,,,,,,,0,0.0,,,,,,0,0.0,1,0.0
572,19.0667,0,,no_mask,,,,,,,,,0,0.0,,,,,,0,0.0,1,0.0
573,19.1,0,,no_mask,,,,,,,,,0,0.0,,,,,,0,0.0,1,0.0
574,19.1333,0,,no_mask,,,,,,,,,0,0.0,,,,,,0,0.0,1,0.0
575,19.1667,0,,no_mask,,,,,,,,,0,0.0,,,,,,0,0.0,1,0.0
576,19.2,0,,no_mask,,,,,,,,,0,0.0,,,,,,0,0.0,1,0.0
577,19.2333,0,,no_mask,,,,,,,,,0,0.0,,,,,,0,0.0,1,0.0
578,19.2667,0,,no_mask,,,,,,,,,0,0.0,,,,,,0,0.0,1,0.0
579,19.3,0,,no_mask,,,,,,,,,0,0.0,,,,,,0,0.0,1,0.0
580,19.3333,0,,no_mask,,,,,,,,,0,0.0,,,,,,0,0.0,1,0.0
581,19.3667,0,,no_mask,,,,,,,,,0,0.0,,,,,,0,0.0,1,0.0
582,19.4,0,,no_mask,,,,,,,,,0,0.0,,,,,,0,0.0,1,0.0
583,19.4333,0,,no_mask,,,,,,,,,0,0.0,,,,,,0,0.0,1,0.0
584,19.4667,0,,no_mask,,,,,,,,,0,0.0,,,,,,0,0.0,1,0.0
585,19.5,0,,no_mask,,,,,,,,,0,0.0,,,,,,0,0.0,1,0.0
586,19.5333,0,,no_mask,,,,,,,,,0,0.0,,,,,,0,0.0,1,0.0
587,19.5667,0,,no_mask,,,,,,,,,0,0.0,,,,,,0,0.0,1,0.0
588,19.6,0,,no_mask,,,,,,,,,0,0.0,,,,,,0,0.0,1,0.0
589,19.6333,0,,no_mask,,,,,,,,,0,0.0,,,,,,0,0.0,1,0.0
590,19.6667,0,,no_mask,,,,,,,,,0,0.0,,,,,,0,0.0,1,0.0
591,19.7,0,,no_mask,,,,,,,,,0,0.0,,,,,,0,0.0,1,0.0
592,19.7333,0,,no_mask,,,,,,,,,0,0.0,,,,,,0,0.0,1,0.0
593,19.7667,0,,no_mask,,,,,,,,,0,0.0,,,,,,0,0.0,1,0.0
594,19.8,0,,no_mask,,,,,,,,,0,0.0,,,,,,0,0.0,1,0.0
595,19.8333,0,,no_mask,,,,,,,,,0,0.0,,,,,,0,0.0,1,0.0
596,19.8667,0,,no_mask,,,,,,,,,0,0.0,,,,,,0,0.0,1,0.0
597,19.9,0,,no_mask,,,,,,,,,0,0.0,,,,,,0,0.0,1,0.0
598,19.9333,0,,no_mask,,,,,,,,,0,0.0,,,,,,0,0.0,1,0.0
599,19.9667,0,,no_mask,,,,,,,,,0,0.0,,,,,,0,0.0,1,0.0
600,20.0,0,,no_mask,,,,,,,,,0,0.0,,,,,,0,0.0,1,0.0
601,20.0333,0,,no_mask,,,,,,,,,0,0.0,,,,,,0,0.0,1,0.0
602,20.0667,0,,no_mask,,,,,,,,,0,0.0,,,,,,0,0.0,1,0.0
603,20.1,0,,no_mask,,,,,,,,,0,0.0,,,,,,0,0.0,1,0.0
604,20.1333,0,,no_mask,,,,,,,,,0,0.0,,,,,,0,0.0,1,0.0
605,20.1667,0,,no_mask,,,,,,,,,0,0.0,,,,,,0,0.0,1,0.0
606,20.2,0,,no_mask,,,,,,,,,0,0.0,,,,,,0,0.0,1,0.0
607,20.2333,0,,no_mask,,,,,,,,,0,0.0,,,,,,0,0.0,1,0.0
608,20.2667,0,,no_mask,,,,,,,,,0,0.0,,,,,,0,0.0,1,0.0
609,20.3,0,,no_mask,,,,,,,,,0,0.0,,,,,,0,0.0,1,0.0
610,20.3333,0,,no_mask,,,,,,,,,0,0.0,,,,,,0,0.0,1,0.0
611,20.3667,0,,no_mask,,,,,,,,,0,0.0,,,,,,0,0.0,1,0.0
612,20.4,0,,no_mask,,,,,,,,,0,0.0,,,,,,0,0.0,1,0.0
613,20.4333,0,,no_mask,,,,,,,,,0,0.0,,,,,,0,0.0,1,0.0
614,20.4667,0,,no_mask,,,,,,,,,0,0.0,,,,,,0,0.0,1,0.0
615,20.5,0,,no_mask,,,,,,,,,0,0.0,,,,,,0,0.0,1,0.0
616,20.5333,0,,no_mask,,,,,,,,,0,0.0,,,,,,0,0.0,1,0.0
617,20.5667,0,,no_mask,,,,,,,,,0,0.0,,,,,,0,0.0,1,0.0
618,20.6,0,,no_mask,,,,,,,,,0,0.0,,,,,,0,0.0,1,0.0
619,20.6333,0,,no_mask,,,,,,,,,0,0.0,,,,,,0,0.0,1,0.0
620,20.6667,0,,no_mask,,,,,,,,,0,0.0,,,,,,0,0.0,1,0.0
621,20.7,0,,no_mask,,,,,,,,,0,0.0,,,,,,0,0.0,1,0.0
622,20.7333,0,,no_mask,,,,,,,,,0,0.0,,,,,,0,0.0,1,0.0
623,20.7667,0,,no_mask,,,,,,,,,0,0.0,,,,,,0,0.0,1,0.0
624,20.8,0,,no_mask,,,,,,,,,0,0.0,,,,,,0,0.0,1,0.0
625,20.8333,0,,no_mask,,,,,,,,,0,0.0,,,,,,0,0.0,1,0.0
626,20.8667,0,,no_mask,,,,,,,,,0,0.0,,,,,,0,0.0,1,0.0
627,20.9,0,,no_mask,,,,,,,,,0,0.0,,,,,,0,0.0,1,0.0
628,20.9333,0,,no_mask,,,,,,,,,0,0.0,,,,,,0,0.0,1,0.0
629,20.9667,0,,no_mask,,,,,,,,,0,0.0,,,,,,0,0.0,1,0.0
630,21.0,0,,no_mask,,,,,,,,,0,0.0,,,,,,0,0.0,1,0.0
631,21.0333,0,,no_mask,,,,,,,,,0,0.0,,,,,,0,0.0,1,0.0
632,21.0667,0,,no_mask,,,,,,,,,0,0.0,,,,,,0,0.0,1,0.0
633,21.1,0,,no_mask,,,,,,,,,0,0.0,,,,,,0,0.0,1,0.0
634,21.1333,0,,no_mask,,,,,,,,,0,0.0,,,,,,0,0.0,1,0.0
635,21.1667,0,,no_mask,,,,,,,,,0,0.0,,,,,,0,0.0,1,0.0
636,21.2,0,,no_mask,,,,,,,,,0,0.0,,,,,,0,0.0,1,0.0
637,21.2333,0,,no_mask,,,,,,,,,0,0.0,,,,,,0,0.0,1,0.0
638,21.2667,0,,no_mask,,,,,,,,,0,0.0,,,,,,0,0.0,1,0.0
639,21.3,0,,no_mask,,,,,,,,,0,0.0,,,,,,0,0.0,1,0.0
640,21.3333,0,,no_mask,,,,,,,,,0,0.0,,,,,,0,0.0,1,0.0
641,21.3667,0,,no_mask,,,,,,,,,0,0.0,,,,,,0,0.0,1,0.0
642,21.4,0,,no_mask,,,,,,,,,0,0.0,,,,,,0,0.0,1,0.0
643,21.4333,0,,no_mask,,,,,,,,,0,0.0,,,,,,0,0.0,1,0.0
644,21.4667,0,,no_mask,,,,,,,,,0,0.0,,,,,,0,0.0,1,0.0
645,21.5,0,,no_mask,,,,,,,,,0,0.0,,,,,,0,0.0,1,0.0
646,21.5333,0,,no_mask,,,,,,,,,0,0.0,,,,,,0,0.0,1,0.0
647,21.5667,0,,no_mask,,,,,,,,,0,0.0,,,,,,0,0.0,1,0.0
648,21.6,0,,no_mask,,,,,,,,,0,0.0,,,,,,0,0.0,1,0.0
649,21.6333,0,,no_mask,,,,,,,,,0,0.0,,,,,,0,0.0,1,0.0
650,21.6667,0,,no_mask,,,,,,,,,0,0.0,,,,,,0,0.0,1,0.0
651,21.7,0,,no_mask,,,,,,,,,0,0.0,,,,,,0,0.0,1,0.0
652,21.7333,0,,no_mask,,,,,,,,,0,0.0,,,,,,0,0.0,1,0.0
653,21.7667,0,,no_mask,,,,,,,,,0,0.0,,,,,,0,0.0,1,0.0
654,21.8,0,,no_mask,,,,,,,,,0,0.0,,,,,,0,0.0,1,0.0
655,21.8333,0,,no_mask,,,,,,,,,0,0.0,,,,,,0,0.0,1,0.0
656,21.8667,0,,no_mask,,,,,,,,,0,0.0,,,,,,0,0.0,1,0.0
657,21.9,0,,no_mask,,,,,,,,,0,0.0,,,,,,0,0.0,1,0.0
658,21.9333,0,,no_mask,,,,,,,,,0,0.0,,,,,,0,0.0,1,0.0
659,21.9667,0,,no_mask,,,,,,,,,0,0.0,,,,,,0,0.0,1,0.0
660,22.0,0,,no_mask,,,,,,,,,0,0.0,,,,,,0,0.0,1,0.0
661,22.0333,0,,no_mask,,,,,,,,,0,0.0,,,,,,0,0.0,1,0.0
662,22.0667,0,,no_mask,,,,,,,,,0,0.0,,,,,,0,0.0,1,0.0
663,22.1,0,,no_mask,,,,,,,,,0,0.0,,,,,,0,0.0,1,0.0
664,22.1333,0,,no_mask,,,,,,,,,0,0.0,,,,,,0,0.0,1,0.0
665,22.1667,0,,no_mask,,,,,,,,,0,0.0,,,,,,0,0.0,1,0.0
666,22.2,0,,no_mask,,,,,,,,,0,0.0,,,,,,0,0.0,1,0.0
667,22.2333,0,,no_mask,,,,,,,,,0,0.0,,,,,,0,0.0,1,0.0
668,22.2667,0,,no_mask,,,,,,,,,0,0.0,,,,,,0,0.0,1,0.0
669,22.3,0,,no_mask,,,,,,,,,0,0.0,,,,,,0,0.0,1,0.0
670,22.3333,0,,no_mask,,,,,,,,,0,0.0,,,,,,0,0.0,1,0.0
671,22.3667,0,,no_mask,,,,,,,,,0,0.0,,,,,,0,0.0,1,0.0
672,22.4,0,,no_mask,,,,,,,,,0,0.0,,,,,,0,0.0,1,0.0
673,22.4333,0,,no_mask,,,,,,,,,0,0.0,,,,,,0,0.0,1,0.0
674,22.4667,0,,no_mask,,,,,,,,,0,0.0,,,,,,0,0.0,1,0.0
675,22.5,0,,no_mask,,,,,,,,,0,0.0,,,,,,0,0.0,1,0.0
676,22.5333,0,,no_mask,,,,,,,,,0,0.0,,,,,,0,0.0,1,0.0
677,22.5667,0,,no_mask,,,,,,,,,0,0.0,,,,,,0,0.0,1,0.0
678,22.6,0,,no_mask,,,,,,,,,0,0.0,,,,,,0,0.0,1,0.0
679,22.6333,0,,no_mask,,,,,,,,,0,0.0,,,,,,0,0.0,1,0.0
680,22.6667,0,,no_mask,,,,,,,,,0,0.0,,,,,,0,0.0,1,0.0
681,22.7,0,,no_mask,,,,,,,,,0,0.0,,,,,,0,0.0,1,0.0
682,22.7333,0,,no_mask,,,,,,,,,0,0.0,,,,,,0,0.0,1,0.0
683,22.7667,0,,no_mask,,,,,,,,,0,0.0,,,,,,0,0.0,1,0.0
684,22.8,0,,no_mask,,,,,,,,,0,0.0,,,,,,0,0.0,1,0.0
685,22.8333,0,,no_mask,,,,,,,,,0,0.0,,,,,,0,0.0,1,0.0
686,22.8667,0,,no_mask,,,,,,,,,0,0.0,,,,,,0,0.0,1,0.0
687,22.9,0,,no_mask,,,,,,,,,0,0.0,,,,,,0,0.0,1,0.0
688,22.9333,0,,no_mask,,,,,,,,,0,0.0,,,,,,0,0.0,1,0.0
689,22.9667,0,,no_mask,,,,,,,,,0,0.0,,,,,,0,0.0,1,0.0
690,23.0,0,,no_mask,,,,,,,,,0,0.0,,,,,,0,0.0,1,0.0
691,23.0333,0,,no_mask,,,,,,,,,0,0.0,,,,,,0,0.0,1,0.0
692,23.0667,0,,no_mask,,,,,,,,,0,0.0,,,,,,0,0.0,1,0.0
693,23.1,0,,no_mask,,,,,,,,,0,0.0,,,,,,0,0.0,1,0.0
694,23.1333,0,,no_mask,,,,,,,,,0,0.0,,,,,,0,0.0,1,0.0
695,23.1667,0,,no_mask,,,,,,,,,0,0.0,,,,,,0,0.0,1,0.0
696,23.2,0,,no_mask,,,,,,,,,0,0.0,,,,,,0,0.0,1,0.0
697,23.2333,0,,no_mask,,,,,,,,,0,0.0,,,,,,0,0.0,1,0.0
698,23.2667,0,,no_mask,,,,,,,,,0,0.0,,,,,,0,0.0,1,0.0
699,23.3,0,,no_mask,,,,,,,,,0,0.0,,,,,,0,0.0,1,0.0
700,23.3333,0,,no_mask,,,,,,,,,0,0.0,,,,,,0,0.0,1,0.0
701,23.3667,0,,no_mask,,,,,,,,,0,0.0,,,,,,0,0.0,1,0.0
702,23.4,0,,no_mask,,,,,,,,,0,0.0,,,,,,0,0.0,1,0.0
703,23.4333,0,,no_mask,,,,,,,,,0,0.0,,,,,,0,0.0,1,0.0
704,23.4667,0,,no_mask,,,,,,,,,0,0.0,,,,,,0,0.0,1,0.0
705,23.5,0,,no_mask,,,,,,,,,0,0.0,,,,,,0,0.0,1,0.0
706,23.5333,0,,no_mask,,,,,,,,,0,0.0,,,,,,0,0.0,1,0.0
707,23.5667,0,,no_mask,,,,,,,,,0,0.0,,,,,,0,0.0,1,0.0
708,23.6,0,,no_mask,,,,,,,,,0,0.0,,,,,,0,0.0,1,0.0
709,23.6333,0,,no_mask,,,,,,,,,0,0.0,,,,,,0,0.0,1,0.0
710,23.6667,0,,no_mask,,,,,,,,,0,0.0,,,,,,0,0.0,1,0.0
711,23.7,0,,no_mask,,,,,,,,,0,0.0,,,,,,0,0.0,1,0.0
712,23.7333,0,,no_mask,,,,,,,,,0,0.0,,,,,,0,0.0,1,0.0
713,23.7667,0,,no_mask,,,,,,,,,0,0.0,,,,,,0,0.0,1,0.0
714,23.8,0,,no_mask,,,,,,,,,0,0.0,,,,,,0,0.0,1,0.0
715,23.8333,0,,no_mask,,,,,,,,,0,0.0,,,,,,0,0.0,1,0.0
716,23.8667,0,,no_mask,,,,,,,,,0,0.0,,,,,,0,0.0,1,0.0
717,23.9,0,,no_mask,,,,,,,,,0,0.0,,,,,,0,0.0,1,0.0
718,23.9333,0,,no_mask,,,,,,,,,0,0.0,,,,,,0,0.0,1,0.0
719,23.9667,0,,no_mask,,,,,,,,,0,0.0,,,,,,0,0.0,1,0.0
720,24.0,0,,no_mask,,,,,,,,,0,0.0,,,,,,0,0.0,1,0.0
721,24.0333,0,,no_mask,,,,,,,,,0,0.0,,,,,,0,0.0,1,0.0
722,24.0667,0,,no_mask,,,,,,,,,0,0.0,,,,,,0,0.0,1,0.0
723,24.1,0,,no_mask,,,,,,,,,0,0.0,,,,,,0,0.0,1,0.0
724,24.1333,0,,no_mask,,,,,,,,,0,0.0,,,,,,0,0.0,1,0.0
725,24.1667,0,,no_mask,,,,,,,,,0,0.0,,,,,,0,0.0,1,0.0
726,24.2,0,,no_mask,,,,,,,,,0,0.0,,,,,,0,0.0,1,0.0
727,24.2333,0,,no_mask,,,,,,,,,0,0.0,,,,,,0,0.0,1,0.0
728,24.2667,0,,no_mask,,,,,,,,,0,0.0,,,,,,0,0.0,1,0.0
729,24.3,0,,no_mask,,,,,,,,,0,0.0,,,,,,0,0.0,1,0.0
730,24.3333,0,,no_mask,,,,,,,,,0,0.0,,,,,,0,0.0,1,0.0
731,24.3667,0,,no_mask,,,,,,,,,0,0.0,,,,,,0,0.0,1,0.0
732,24.4,0,,no_mask,,,,,,,,,0,0.0,,,,,,0,0.0,1,0.0
733,24.4333,0,,no_mask,,,,,,,,,0,0.0,,,,,,0,0.0,1,0.0
734,24.4667,0,,no_mask,,,,,,,,,0,0.0,,,,,,0,0.0,1,0.0
735,24.5,0,,no_mask,,,,,,,,,0,0.0,,,,,,0,0.0,1,0.0
736,24.5333,0,,no_mask,,,,,,,,,0,0.0,,,,,,0,0.0,1,0.0
737,24.5667,0,,no_mask,,,,,,,,,0,0.0,,,,,,0,0.0,1,0.0
738,24.6,0,,no_mask,,,,,,,,,0,0.0,,,,,,0,0.0,1,0.0
739,24.6333,0,,no_mask,,,,,,,,,0,0.0,,,,,,0,0.0,1,0.0
740,24.6667,0,,no_mask,,,,,,,,,0,0.0,,,,,,0,0.0,1,0.0
741,24.7,0,,no_mask,,,,,,,,,0,0.0,,,,,,0,0.0,1,0.0
742,24.7333,0,,no_mask,,,,,,,,,0,0.0,,,,,,0,0.0,1,0.0
743,24.7667,0,,no_mask,,,,,,,,,0,0.0,,,,,,0,0.0,1,0.0
744,24.8,0,,no_mask,,,,,,,,,0,0.0,,,,,,0,0.0,1,0.0
745,24.8333,0,,no_mask,,,,,,,,,0,0.0,,,,,,0,0.0,1,0.0
746,24.8667,0,,no_mask,,,,,,,,,0,0.0,,,,,,0,0.0,1,0.0
747,24.9,0,,no_mask,,,,,,,,,0,0.0,,,,,,0,0.0,1,0.0
748,24.9333,0,,no_mask,,,,,,,,,0,0.0,,,,,,0,0.0,1,0.0
749,24.9667,0,,no_mask,,,,,,,,,0,0.0,,,,,,0,0.0,1,0.0
750,25.0,0,,no_mask,,,,,,,,,0,0.0,,,,,,0,0.0,1,0.0
751,25.0333,0,,no_mask,,,,,,,,,0,0.0,,,,,,0,0.0,1,0.0
752,25.0667,0,,no_mask,,,,,,,,,0,0.0,,,,,,0,0.0,1,0.0
753,25.1,0,,no_mask,,,,,,,,,0,0.0,,,,,,0,0.0,1,0.0
754,25.1333,0,,no_mask,,,,,,,,,0,0.0,,,,,,0,0.0,1,0.0
755,25.1667,0,,no_mask,,,,,,,,,0,0.0,,,,,,0,0.0,1,0.0
756,25.2,0,,no_mask,,,,,,,,,0,0.0,,,,,,0,0.0,1,0.0
757,25.2333,0,,no_mask,,,,,,,,,0,0.0,,,,,,0,0.0,1,0.0
758,25.2667,0,,no_mask,,,,,,,,,0,0.0,,,,,,0,0.0,1,0.0
759,25.3,0,,no_mask,,,,,,,,,0,0.0,,,,,,0,0.0,1,0.0
760,25.3333,0,,no_mask,,,,,,,,,0,0.0,,,,,,0,0.0,1,0.0
761,25.3667,0,,no_mask,,,,,,,,,0,0.0,,,,,,0,0.0,1,0.0
762,25.4,0,,no_mask,,,,,,,,,0,0.0,,,,,,0,0.0,1,0.0
763,25.4333,0,,no_mask,,,,,,,,,0,0.0,,,,,,0,0.0,1,0.0
764,25.4667,0,,no_mask,,,,,,,,,0,0.0,,,,,,0,0.0,1,0.0
765,25.5,0,,no_mask,,,,,,,,,0,0.0,,,,,,0,0.0,1,0.0
766,25.5333,0,,no_mask,,,,,,,,,0,0.0,,,,,,0,0.0,1,0.0
767,25.5667,0,,no_mask,,,,,,,,,0,0.0,,,,,,0,0.0,1,0.0
768,25.6,0,,no_mask,,,,,,,,,0,0.0,,,,,,0,0.0,1,0.0
769,25.6333,0,,no_mask,,,,,,,,,0,0.0,,,,,,0,0.0,1,0.0
770,25.6667,0,,no_mask,,,,,,,,,0,0.0,,,,,,0,0.0,1,0.0
771,25.7,0,,no_mask,,,,,,,,,0,0.0,,,,,,0,0.0,1,0.0
772,25.7333,0,,no_mask,,,,,,,,,0,0.0,,,,,,0,0.0,1,0.0
773,25.7667,0,,no_mask,,,,,,,,,0,0.0,,,,,,0,0.0,1,0.0
774,25.8,0,,no_mask,,,,,,,,,0,0.0,,,,,,0,0.0,1,0.0
775,25.8333,0,,no_mask,,,,,,,,,0,0.0,,,,,,0,0.0,1,0.0
776,25.8667,0,,no_mask,,,,,,,,,0,0.0,,,,,,0,0.0,1,0.0
777,25.9,0,,no_mask,,,,,,,,,0,0.0,,,,,,0,0.0,1,0.0
778,25.9333,0,,no_mask,,,,,,,,,0,0.0,,,,,,0,0.0,1,0.0
779,25.9667,0,,no_mask,,,,,,,,,0,0.0,,,,,,0,0.0,1,0.0
780,26.0,0,,no_mask,,,,,,,,,0,0.0,,,,,,0,0.0,1,0.0
781,26.0333,0,,no_mask,,,,,,,,,0,0.0,,,,,,0,0.0,1,0.0
782,26.0667,0,,no_mask,,,,,,,,,0,0.0,,,,,,0,0.0,1,0.0
783,26.1,0,,no_mask,,,,,,,,,0,0.0,,,,,,0,0.0,1,0.0
784,26.1333,0,,no_mask,,,,,,,,,0,0.0,,,,,,0,0.0,1,0.0
785,26.1667,0,,no_mask,,,,,,,,,0,0.0,,,,,,0,0.0,1,0.0
786,26.2,0,,no_mask,,,,,,,,,0,0.0,,,,,,0,0.0,1,0.0
787,26.2333,0,,no_mask,,,,,,,,,0,0.0,,,,,,0,0.0,1,0.0
788,26.2667,0,,no_mask,,,,,,,,,0,0.0,,,,,,0,0.0,1,0.0
789,26.3,0,,no_mask,,,,,,,,,0,0.0,,,,,,0,0.0,1,0.0
790,26.3333,0,,no_mask,,,,,,,,,0,0.0,,,,,,0,0.0,1,0.0
791,26.3667,0,,no_mask,,,,,,,,,0,0.0,,,,,,0,0.0,1,0.0
792,26.4,0,,no_mask,,,,,,,,,0,0.0,,,,,,0,0.0,1,0.0
793,26.4333,0,,no_mask,,,,,,,,,0,0.0,,,,,,0,0.0,1,0.0
794,26.4667,0,,no_mask,,,,,,,,,0,0.0,,,,,,0,0.0,1,0.0
795,26.5,0,,no_mask,,,,,,,,,0,0.0,,,,,,0,0.0,1,0.0
796,26.5333,0,,no_mask,,,,,,,,,0,0.0,,,,,,0,0.0,1,0.0
797,26.5667,0,,no_mask,,,,,,,,,0,0.0,,,,,,0,0.0,1,0.0
798,26.6,0,,no_mask,,,,,,,,,0,0.0,,,,,,0,0.0,1,0.0
799,26.6333,0,,no_mask,,,,,,,,,0,0.0,,,,,,0,0.0,1,0.0
800,26.6667,0,,no_mask,,,,,,,,,0,0.0,,,,,,0,0.0,1,0.0
801,26.7,0,,no_mask,,,,,,,,,0,0.0,,,,,,0,0.0,1,0.0
802,26.7333,0,,no_mask,,,,,,,,,0,0.0,,,,,,0,0.0,1,0.0
803,26.7667,0,,no_mask,,,,,,,,,0,0.0,,,,,,0,0.0,1,0.0
804,26.8,0,,no_mask,,,,,,,,,0,0.0,,,,,,0,0.0,1,0.0
805,26.8333,0,,no_mask,,,,,,,,,0,0.0,,,,,,0,0.0,1,0.0
806,26.8667,0,,no_mask,,,,,,,,,0,0.0,,,,,,0,0.0,1,0.0
807,26.9,0,,no_mask,,,,,,,,,0,0.0,,,,,,0,0.0,1,0.0
808,26.9333,0,,no_mask,,,,,,,,,0,0.0,,,,,,0,0.0,1,0.0
809,26.9667,0,,no_mask,,,,,,,,,0,0.0,,,,,,0,0.0,1,0.0
810,27.0,0,,no_mask,,,,,,,,,0,0.0,,,,,,0,0.0,1,0.0
811,27.0333,0,,no_mask,,,,,,,,,0,0.0,,,,,,0,0.0,1,0.0
812,27.0667,0,,no_mask,,,,,,,,,0,0.0,,,,,,0,0.0,1,0.0
813,27.1,0,,no_mask,,,,,,,,,0,0.0,,,,,,0,0.0,1,0.0
814,27.1333,0,,no_mask,,,,,,,,,0,0.0,,,,,,0,0.0,1,0.0
815,27.1667,0,,no_mask,,,,,,,,,0,0.0,,,,,,0,0.0,1,0.0
816,27.2,0,,no_mask,,,,,,,,,0,0.0,,,,,,0,0.0,1,0.0
817,27.2333,0,,no_mask,,,,,,,,,0,0.0,,,,,,0,0.0,1,0.0
818,27.2667,0,,no_mask,,,,,,,,,0,0.0,,,,,,0,0.0,1,0.0
819,27.3,0,,no_mask,,,,,,,,,0,0.0,,,,,,0,0.0,1,0.0
820,27.3333,0,,no_mask,,,,,,,,,0,0.0,,,,,,0,0.0,1,0.0
821,27.3667,0,,no_mask,,,,,,,,,0,0.0,,,,,,0,0.0,1,0.0
822,27.4,0,,no_mask,,,,,,,,,0,0.0,,,,,,0,0.0,1,0.0
823,27.4333,0,,no_mask,,,,,,,,,0,0.0,,,,,,0,0.0,1,0.0
824,27.4667,0,,no_mask,,,,,,,,,0,0.0,,,,,,0,0.0,1,0.0
825,27.5,0,,no_mask,,,,,,,,,0,0.0,,,,,,0,0.0,1,0.0
826,27.5333,0,,no_mask,,,,,,,,,0,0.0,,,,,,0,0.0,1,0.0
827,27.5667,0,,no_mask,,,,,,,,,0,0.0,,,,,,0,0.0,1,0.0
828,27.6,0,,no_mask,,,,,,,,,0,0.0,,,,,,0,0.0,1,0.0
829,27.6333,0,,no_mask,,,,,,,,,0,0.0,,,,,,0,0.0,1,0.0
830,27.6667,0,,no_mask,,,,,,,,,0,0.0,,,,,,0,0.0,1,0.0
831,27.7,0,,no_mask,,,,,,,,,0,0.0,,,,,,0,0.0,1,0.0
832,27.7333,0,,no_mask,,,,,,,,,0,0.0,,,,,,0,0.0,1,0.0
833,27.7667,0,,no_mask,,,,,,,,,0,0.0,,,,,,0,0.0,1,0.0
834,27.8,0,,no_mask,,,,,,,,,0,0.0,,,,,,0,0.0,1,0.0
835,27.8333,0,,no_mask,,,,,,,,,0,0.0,,,,,,0,0.0,1,0.0
836,27.8667,0,,no_mask,,,,,,,,,0,0.0,,,,,,0,0.0,1,0.0
837,27.9,0,,no_mask,,,,,,,,,0,0.0,,,,,,0,0.0,1,0.0
838,27.9333,0,,no_mask,,,,,,,,,0,0.0,,,,,,0,0.0,1,0.0
839,27.9667,0,,no_mask,,,,,,,,,0,0.0,,,,,,0,0.0,1,0.0
840,28.0,0,,no_mask,,,,,,,,,0,0.0,,,,,,0,0.0,1,0.0
841,28.0333,0,,no_mask,,,,,,,,,0,0.0,,,,,,0,0.0,1,0.0
842,28.0667,0,,no_mask,,,,,,,,,0,0.0,,,,,,0,0.0,1,0.0
843,28.1,0,,no_mask,,,,,,,,,0,0.0,,,,,,0,0.0,1,0.0
844,28.1333,0,,no_mask,,,,,,,,,0,0.0,,,,,,0,0.0,1,0.0
845,28.1667,0,,no_mask,,,,,,,,,0,0.0,,,,,,0,0.0,1,0.0
846,28.2,0,,no_mask,,,,,,,,,0,0.0,,,,,,0,0.0,1,0.0
847,28.2333,0,,no_mask,,,,,,,,,0,0.0,,,,,,0,0.0,1,0.0
848,28.2667,0,,no_mask,,,,,,,,,0,0.0,,,,,,0,0.0,1,0.0
849,28.3,0,,no_mask,,,,,,,,,0,0.0,,,,,,0,0.0,1,0.0
850,28.3333,0,,no_mask,,,,,,,,,0,0.0,,,,,,0,0.0,1,0.0
851,28.3667,0,,no_mask,,,,,,,,,0,0.0,,,,,,0,0.0,1,0.0
852,28.4,0,,no_mask,,,,,,,,,0,0.0,,,,,,0,0.0,1,0.0
853,28.4333,0,,no_mask,,,,,,,,,0,0.0,,,,,,0,0.0,1,0.0
854,28.4667,0,,no_mask,,,,,,,,,0,0.0,,,,,,0,0.0,1,0.0
855,28.5,0,,no_mask,,,,,,,,,0,0.0,,,,,,0,0.0,1,0.0
856,28.5333,0,,no_mask,,,,,,,,,0,0.0,,,,,,0,0.0,1,0.0
857,28.5667,0,,no_mask,,,,,,,,,0,0.0,,,,,,0,0.0,1,0.0
858,28.6,0,,no_mask,,,,,,,,,0,0.0,,,,,,0,0.0,1,0.0
859,28.6333,0,,no_mask,,,,,,,,,0,0.0,,,,,,0,0.0,1,0.0
860,28.6667,0,,no_mask,,,,,,,,,0,0.0,,,,,,0,0.0,1,0.0
861,28.7,0,,no_mask,,,,,,,,,0,0.0,,,,,,0,0.0,1,0.0
862,28.7333,0,,no_mask,,,,,,,,,0,0.0,,,,,,0,0.0,1,0.0
863,28.7667,0,,no_mask,,,,,,,,,0,0.0,,,,,,0,0.0,1,0.0
864,28.8,0,,no_mask,,,,,,,,,0,0.0,,,,,,0,0.0,1,0.0
865,28.8333,0,,no_mask,,,,,,,,,0,0.0,,,,,,0,0.0,1,0.0
866,28.8667,0,,no_mask,,,,,,,,,0,0.0,,,,,,0,0.0,1,0.0
867,28.9,0,,no_mask,,,,,,,,,0,0.0,,,,,,0,0.0,1,0.0
868,28.9333,0,,no_mask,,,,,,,,,0,0.0,,,,,,0,0.0,1,0.0
869,28.9667,0,,no_mask,,,,,,,,,0,0.0,,,,,,0,0.0,1,0.0
870,29.0,0,,no_mask,,,,,,,,,0,0.0,,,,,,0,0.0,1,0.0
871,29.0333,0,,no_mask,,,,,,,,,0,0.0,,,,,,0,0.0,1,0.0
872,29.0667,0,,no_mask,,,,,,,,,0,0.0,,,,,,0,0.0,1,0.0
873,29.1,0,,no_mask,,,,,,,,,0,0.0,,,,,,0,0.0,1,0.0
874,29.1333,0,,no_mask,,,,,,,,,0,0.0,,,,,,0,0.0,1,0.0
875,29.1667,0,,no_mask,,,,,,,,,0,0.0,,,,,,0,0.0,1,0.0
876,29.2,0,,no_mask,,,,,,,,,0,0.0,,,,,,0,0.0,1,0.0
877,29.2333,0,,no_mask,,,,,,,,,0,0.0,,,,,,0,0.0,1,0.0
878,29.2667,0,,no_mask,,,,,,,,,0,0.0,,,,,,0,0.0,1,0.0
879,29.3,0,,no_mask,,,,,,,,,0,0.0,,,,,,0,0.0,1,0.0
880,29.3333,0,,no_mask,,,,,,,,,0,0.0,,,,,,0,0.0,1,0.0
881,29.3667,0,,no_mask,,,,,,,,,0,0.0,,,,,,0,0.0,1,0.0
882,29.4,0,,no_mask,,,,,,,,,0,0.0,,,,,,0,0.0,1,0.0
883,29.4333,0,,no_mask,,,,,,,,,0,0.0,,,,,,0,0.0,1,0.0
884,29.4667,0,,no_mask,,,,,,,,,0,0.0,,,,,,0,0.0,1,0.0
885,29.5,0,,no_mask,,,,,,,,,0,0.0,,,,,,0,0.0,1,0.0
886,29.5333,0,,no_mask,,,,,,,,,0,0.0,,,,,,0,0.0,1,0.0
887,29.5667,0,,no_mask,,,,,,,,,0,0.0,,,,,,0,0.0,1,0.0
888,29.6,0,,no_mask,,,,,,,,,0,0.0,,,,,,0,0.0,1,0.0
889,29.6333,0,,no_mask,,,,,,,,,0,0.0,,,,,,0,0.0,1,0.0
890,29.6667,0,,no_mask,,,,,,,,,0,0.0,,,,,,0,0.0,1,0.0
891,29.7,0,,no_mask,,,,,,,,,0,0.0,,,,,,0,0.0,1,0.0
892,29.7333,0,,no_mask,,,,,,,,,0,0.0,,,,,,0,0.0,1,0.0
893,29.7667,0,,no_mask,,,,,,,,,0,0.0,,,,,,0,0.0,1,0.0
894,29.8,0,,no_mask,,,,,,,,,0,0.0,,,,,,0,0.0,1,0.0
895,29.8333,0,,no_mask,,,,,,,,,0,0.0,,,,,,0,0.0,1,0.0
896,29.8667,0,,no_mask,,,,,,,,,0,0.0,,,,,,0,0.0,1,0.0
897,29.9,0,,no_mask,,,,,,,,,0,0.0,,,,,,0,0.0,1,0.0
898,29.9333,0,,no_mask,,,,,,,,,0,0.0,,,,,,0,0.0,1,0.0
899,29.9667,0,,no_mask,,,,,,,,,0,0.0,,,,,,0,0.0,1,0.0
900,30.0,0,,no_mask,,,,,,,,,0,0.0,,,,,,0,0.0,1,0.0
901,30.0333,0,,no_mask,,,,,,,,,0,0.0,,,,,,0,0.0,1,0.0
902,30.0667,0,,no_mask,,,,,,,,,0,0.0,,,,,,0,0.0,1,0.0
903,30.1,0,,no_mask,,,,,,,,,0,0.0,,,,,,0,0.0,1,0.0
904,30.1333,0,,no_mask,,,,,,,,,0,0.0,,,,,,0,0.0,1,0.0
905,30.1667,0,,no_mask,,,,,,,,,0,0.0,,,,,,0,0.0,1,0.0
906,30.2,0,,no_mask,,,,,,,,,0,0.0,,,,,,0,0.0,1,0.0
907,30.2333,0,,no_mask,,,,,,,,,0,0.0,,,,,,0,0.0,1,0.0
908,30.2667,0,,no_mask,,,,,,,,,0,0.0,,,,,,0,0.0,1,0.0
909,30.3,0,,no_mask,,,,,,,,,0,0.0,,,,,,0,0.0,1,0.0
910,30.3333,0,,no_mask,,,,,,,,,0,0.0,,,,,,0,0.0,1,0.0
911,30.3667,0,,no_mask,,,,,,,,,0,0.0,,,,,,0,0.0,1,0.0
912,30.4,0,,no_mask,,,,,,,,,0,0.0,,,,,,0,0.0,1,0.0
913,30.4333,0,,no_mask,,,,,,,,,0,0.0,,,,,,0,0.0,1,0.0
914,30.4667,0,,no_mask,,,,,,,,,0,0.0,,,,,,0,0.0,1,0.0
915,30.5,0,,no_mask,,,,,,,,,0,0.0,,,,,,0,0.0,1,0.0
916,30.5333,0,,no_mask,,,,,,,,,0,0.0,,,,,,0,0.0,1,0.0
917,30.5667,0,,no_mask,,,,,,,,,0,0.0,,,,,,0,0.0,1,0.0
918,30.6,0,,no_mask,,,,,,,,,0,0.0,,,,,,0,0.0,1,0.0
919,30.6333,0,,no_mask,,,,,,,,,0,0.0,,,,,,0,0.0,1,0.0
920,30.6667,0,,no_mask,,,,,,,,,0,0.0,,,,,,0,0.0,1,0.0
921,30.7,0,,no_mask,,,,,,,,,0,0.0,,,,,,0,0.0,1,0.0
922,30.7333,0,,no_mask,,,,,,,,,0,0.0,,,,,,0,0.0,1,0.0
923,30.7667,0,,no_mask,,,,,,,,,0,0.0,,,,,,0,0.0,1,0.0
924,30.8,0,,no_mask,,,,,,,,,0,0.0,,,,,,0,0.0,1,0.0
925,30.8333,0,,no_mask,,,,,,,,,0,0.0,,,,,,0,0.0,1,0.0
926,30.8667,0,,no_mask,,,,,,,,,0,0.0,,,,,,0,0.0,1,0.0
927,30.9,0,,no_mask,,,,,,,,,0,0.0,,,,,,0,0.0,1,0.0
928,30.9333,0,,no_mask,,,,,,,,,0,0.0,,,,,,0,0.0,1,0.0
929,30.9667,0,,no_mask,,,,,,,,,0,0.0,,,,,,0,0.0,1,0.0
930,31.0,0,,no_mask,,,,,,,,,0,0.0,,,,,,0,0.0,1,0.0
931,31.0333,0,,no_mask,,,,,,,,,0,0.0,,,,,,0,0.0,1,0.0
932,31.0667,0,,no_mask,,,,,,,,,0,0.0,,,,,,0,0.0,1,0.0
933,31.1,0,,no_mask,,,,,,,,,0,0.0,,,,,,0,0.0,1,0.0
934,31.1333,0,,no_mask,,,,,,,,,0,0.0,,,,,,0,0.0,1,0.0
935,31.1667,0,,no_mask,,,,,,,,,0,0.0,,,,,,0,0.0,1,0.0
936,31.2,0,,no_mask,,,,,,,,,0,0.0,,,,,,0,0.0,1,0.0
937,31.2333,0,,no_mask,,,,,,,,,0,0.0,,,,,,0,0.0,1,0.0
938,31.2667,0,,no_mask,,,,,,,,,0,0.0,,,,,,0,0.0,1,0.0
939,31.3,0,,no_mask,,,,,,,,,0,0.0,,,,,,0,0.0,1,0.0
940,31.3333,0,,no_mask,,,,,,,,,0,0.0,,,,,,0,0.0,1,0.0
941,31.3667,0,,no_mask,,,,,,,,,0,0.0,,,,,,0,0.0,1,0.0
942,31.4,0,,no_mask,,,,,,,,,0,0.0,,,,,,0,0.0,1,0.0
943,31.4333,0,,no_mask,,,,,,,,,0,0.0,,,,,,0,0.0,1,0.0
944,31.4667,0,,no_mask,,,,,,,,,0,0.0,,,,,,0,0.0,1,0.0
945,31.5,0,,no_mask,,,,,,,,,0,0.0,,,,,,0,0.0,1,0.0
946,31.5333,0,,no_mask,,,,,,,,,0,0.0,,,,,,0,0.0,1,0.0
947,31.5667,0,,no_mask,,,,,,,,,0,0.0,,,,,,0,0.0,1,0.0
948,31.6,0,,no_mask,,,,,,,,,0,0.0,,,,,,0,0.0,1,0.0
949,31.6333,0,,no_mask,,,,,,,,,0,0.0,,,,,,0,0.0,1,0.0
950,31.6667,0,,no_mask,,,,,,,,,0,0.0,,,,,,0,0.0,1,0.0
951,31.7,0,,no_mask,,,,,,,,,0,0.0,,,,,,0,0.0,1,0.0
952,31.7333,0,,no_mask,,,,,,,,,0,0.0,,,,,,0,0.0,1,0.0
953,31.7667,0,,no_mask,,,,,,,,,0,0.0,,,,,,0,0.0,1,0.0
954,31.8,0,,no_mask,,,,,,,,,0,0.0,,,,,,0,0.0,1,0.0
955,31.8333,0,,no_mask,,,,,,,,,0,0.0,,,,,,0,0.0,1,0.0
956,31.8667,0,,no_mask,,,,,,,,,0,0.0,,,,,,0,0.0,1,0.0
957,31.9,0,,no_mask,,,,,,,,,0,0.0,,,,,,0,0.0,1,0.0
958,31.9333,0,,no_mask,,,,,,,,,0,0.0,,,,,,0,0.0,1,0.0
959,31.9667,0,,no_mask,,,,,,,,,0,0.0,,,,,,0,0.0,1,0.0
960,32.0,0,,no_mask,,,,,,,,,0,0.0,,,,,,0,0.0,1,0.0
961,32.0333,0,,no_mask,,,,,,,,,0,0.0,,,,,,0,0.0,1,0.0
962,32.0667,0,,no_mask,,,,,,,,,0,0.0,,,,,,0,0.0,1,0.0
963,32.1,0,,no_mask,,,,,,,,,0,0.0,,,,,,0,0.0,1,0.0
964,32.1333,0,,no_mask,,,,,,,,,0,0.0,,,,,,0,0.0,1,0.0
965,32.1667,0,,no_mask,,,,,,,,,0,0.0,,,,,,0,0.0,1,0.0
966,32.2,0,,no_mask,,,,,,,,,0,0.0,,,,,,0,0.0,1,0.0
967,32.2333,0,,no_mask,,,,,,,,,0,0.0,,,,,,0,0.0,1,0.0
968,32.2667,0,,no_mask,,,,,,,,,0,0.0,,,,,,0,0.0,1,0.0
969,32.3,0,,no_mask,,,,,,,,,0,0.0,,,,,,0,0.0,1,0.0
970,32.3333,0,,no_mask,,,,,,,,,0,0.0,,,,,,0,0.0,1,0.0
971,32.3667,0,,no_mask,,,,,,,,,0,0.0,,,,,,0,0.0,1,0.0
972,32.4,0,,no_mask,,,,,,,,,0,0.0,,,,,,0,0.0,1,0.0
973,32.4333,0,,no_mask,,,,,,,,,0,0.0,,,,,,0,0.0,1,0.0
974,32.4667,0,,no_mask,,,,,,,,,0,0.0,,,,,,0,0.0,1,0.0
975,32.5,0,,no_mask,,,,,,,,,0,0.0,,,,,,0,0.0,1,0.0
976,32.5333,0,,no_mask,,,,,,,,,0,0.0,,,,,,0,0.0,1,0.0
977,32.5667,0,,no_mask,,,,,,,,,0,0.0,,,,,,0,0.0,1,0.0
978,32.6,0,,no_mask,,,,,,,,,0,0.0,,,,,,0,0.0,1,0.0
979,32.6333,0,,no_mask,,,,,,,,,0,0.0,,,,,,0,0.0,1,0.0
980,32.6667,0,,no_mask,,,,,,,,,0,0.0,,,,,,0,0.0,1,0.0
981,32.7,0,,no_mask,,,,,,,,,0,0.0,,,,,,0,0.0,1,0.0
982,32.7333,0,,no_mask,,,,,,,,,0,0.0,,,,,,0,0.0,1,0.0
983,32.7667,0,,no_mask,,,,,,,,,0,0.0,,,,,,0,0.0,1,0.0
984,32.8,0,,no_mask,,,,,,,,,0,0.0,,,,,,0,0.0,1,0.0
985,32.8333,0,,no_mask,,,,,,,,,0,0.0,,,,,,0,0.0,1,0.0
986,32.8667,0,,no_mask,,,,,,,,,0,0.0,,,,,,0,0.0,1,0.0
987,32.9,0,,no_mask,,,,,,,,,0,0.0,,,,,,0,0.0,1,0.0
988,32.9333,0,,no_mask,,,,,,,,,0,0.0,,,,,,0,0.0,1,0.0
989,32.9667,0,,no_mask,,,,,,,,,0,0.0,,,,,,0,0.0,1,0.0
990,33.0,0,,no_mask,,,,,,,,,0,0.0,,,,,,0,0.0,1,0.0
991,33.0333,0,,no_mask,,,,,,,,,0,0.0,,,,,,0,0.0,1,0.0
992,33.0667,0,,no_mask,,,,,,,,,0,0.0,,,,,,0,0.0,1,0.0
993,33.1,0,,no_mask,,,,,,,,,0,0.0,,,,,,0,0.0,1,0.0
994,33.1333,0,,no_mask,,,,,,,,,0,0.0,,,,,,0,0.0,1,0.0
995,33.1667,0,,no_mask,,,,,,,,,0,0.0,,,,,,0,0.0,1,0.0
996,33.2,0,,no_mask,,,,,,,,,0,0.0,,,,,,0,0.0,1,0.0
997,33.2333,0,,no_mask,,,,,,,,,0,0.0,,,,,,0,0.0,1,0.0
998,33.2667,0,,no_mask,,,,,,,,,0,0.0,,,,,,0,0.0,1,0.0
999,33.3,0,,no_mask,,,,,,,,,0,0.0,,,,,,0,0.0,1,0.0
1000,33.3333,0,,no_mask,,,,,,,,,0,0.0,,,,,,0,0.0,1,0.0
1001,33.3667,0,,no_mask,,,,,,,,,0,0.0,,,,,,0,0.0,1,0.0
1002,33.4,0,,no_mask,,,,,,,,,0,0.0,,,,,,0,0.0,1,0.0
1003,33.4333,0,,no_mask,,,,,,,,,0,0.0,,,,,,0,0.0,1,0.0
1004,33.4667,0,,no_mask,,,,,,,,,0,0.0,,,,,,0,0.0,1,0.0
1005,33.5,0,,no_mask,,,,,,,,,0,0.0,,,,,,0,0.0,1,0.0
1006,33.5333,0,,no_mask,,,,,,,,,0,0.0,,,,,,0,0.0,1,0.0
1007,33.5667,0,,no_mask,,,,,,,,,0,0.0,,,,,,0,0.0,1,0.0
1008,33.6,0,,no_mask,,,,,,,,,0,0.0,,,,,,0,0.0,1,0.0
1009,33.6333,0,,no_mask,,,,,,,,,0,0.0,,,,,,0,0.0,1,0.0
1010,33.6667,0,,no_mask,,,,,,,,,0,0.0,,,,,,0,0.0,1,0.0
1011,33.7,0,,no_mask,,,,,,,,,0,0.0,,,,,,0,0.0,1,0.0
1012,33.7333,0,,no_mask,,,,,,,,,0,0.0,,,,,,0,0.0,1,0.0
1013,33.7667,0,,no_mask,,,,,,,,,0,0.0,,,,,,0,0.0,1,0.0
1014,33.8,0,,no_mask,,,,,,,,,0,0.0,,,,,,0,0.0,1,0.0
1015,33.8333,0,,no_mask,,,,,,,,,0,0.0,,,,,,0,0.0,1,0.0
1016,33.8667,0,,no_mask,,,,,,,,,0,0.0,,,,,,0,0.0,1,0.0
1017,33.9,0,,no_mask,,,,,,,,,0,0.0,,,,,,0,0.0,1,0.0
1018,33.9333,0,,no_mask,,,,,,,,,0,0.0,,,,,,0,0.0,1,0.0
1019,33.9667,0,,no_mask,,,,,,,,,0,0.0,,,,,,0,0.0,1,0.0
1020,34.0,0,,no_mask,,,,,,,,,0,0.0,,,,,,0,0.0,1,0.0
1021,34.0333,0,,no_mask,,,,,,,,,0,0.0,,,,,,0,0.0,1,0.0
1022,34.0667,0,,no_mask,,,,,,,,,0,0.0,,,,,,0,0.0,1,0.0
1023,34.1,0,,no_mask,,,,,,,,,0,0.0,,,,,,0,0.0,1,0.0
1024,34.1333,0,,no_mask,,,,,,,,,0,0.0,,,,,,0,0.0,1,0.0
1025,34.1667,0,,no_mask,,,,,,,,,0,0.0,,,,,,0,0.0,1,0.0
1026,34.2,0,,no_mask,,,,,,,,,0,0.0,,,,,,0,0.0,1,0.0
1027,34.2333,0,,no_mask,,,,,,,,,0,0.0,,,,,,0,0.0,1,0.0
1028,34.2667,0,,no_mask,,,,,,,,,0,0.0,,,,,,0,0.0,1,0.0
1029,34.3,0,,no_mask,,,,,,,,,0,0.0,,,,,,0,0.0,1,0.0
1030,34.3333,0,,no_mask,,,,,,,,,0,0.0,,,,,,0,0.0,1,0.0
1031,34.3667,0,,no_mask,,,,,,,,,0,0.0,,,,,,0,0.0,1,0.0
1032,34.4,0,,no_mask,,,,,,,,,0,0.0,,,,,,0,0.0,1,0.0
1033,34.4333,0,,no_mask,,,,,,,,,0,0.0,,,,,,0,0.0,1,0.0
1034,34.4667,0,,no_mask,,,,,,,,,0,0.0,,,,,,0,0.0,1,0.0
1035,34.5,0,,no_mask,,,,,,,,,0,0.0,,,,,,0,0.0,1,0.0
1036,34.5333,0,,no_mask,,,,,,,,,0,0.0,,,,,,0,0.0,1,0.0
1037,34.5667,0,,no_mask,,,,,,,,,0,0.0,,,,,,0,0.0,1,0.0
1038,34.6,0,,no_mask,,,,,,,,,0,0.0,,,,,,0,0.0,1,0.0
1039,34.6333,0,,no_mask,,,,,,,,,0,0.0,,,,,,0,0.0,1,0.0
1040,34.6667,0,,no_mask,,,,,,,,,0,0.0,,,,,,0,0.0,1,0.0
1041,34.7,0,,no_mask,,,,,,,,,0,0.0,,,,,,0,0.0,1,0.0
1042,34.7333,0,,no_mask,,,,,,,,,0,0.0,,,,,,0,0.0,1,0.0
1043,34.7667,0,,no_mask,,,,,,,,,0,0.0,,,,,,0,0.0,1,0.0
1044,34.8,0,,no_mask,,,,,,,,,0,0.0,,,,,,0,0.0,1,0.0
1045,34.8333,0,,no_mask,,,,,,,,,0,0.0,,,,,,0,0.0,1,0.0
1046,34.8667,0,,no_mask,,,,,,,,,0,0.0,,,,,,0,0.0,1,0.0
1047,34.9,0,,no_mask,,,,,,,,,0,0.0,,,,,,0,0.0,1,0.0
1048,34.9333,0,,no_mask,,,,,,,,,0,0.0,,,,,,0,0.0,1,0.0
1049,34.9667,0,,no_mask,,,,,,,,,0,0.0,,,,,,0,0.0,1,0.0
1050,35.0,0,,no_mask,,,,,,,,,0,0.0,,,,,,0,0.0,1,0.0
1051,35.0333,0,,no_mask,,,,,,,,,0,0.0,,,,,,0,0.0,1,0.0
1052,35.0667,0,,no_mask,,,,,,,,,0,0.0,,,,,,0,0.0,1,0.0
1053,35.1,0,,no_mask,,,,,,,,,0,0.0,,,,,,0,0.0,1,0.0
1054,35.1333,0,,no_mask,,,,,,,,,0,0.0,,,,,,0,0.0,1,0.0
1055,35.1667,0,,no_mask,,,,,,,,,0,0.0,,,,,,0,0.0,1,0.0
1056,35.2,0,,no_mask,,,,,,,,,0,0.0,,,,,,0,0.0,1,0.0
1057,35.2333,0,,no_mask,,,,,,,,,0,0.0,,,,,,0,0.0,1,0.0
1058,35.2667,0,,no_mask,,,,,,,,,0,0.0,,,,,,0,0.0,1,0.0
1059,35.3,0,,no_mask,,,,,,,,,0,0.0,,,,,,0,0.0,1,0.0
1060,35.3333,0,,no_mask,,,,,,,,,0,0.0,,,,,,0,0.0,1,0.0
1061,35.3667,0,,no_mask,,,,,,,,,0,0.0,,,,,,0,0.0,1,0.0
1062,35.4,0,,no_mask,,,,,,,,,0,0.0,,,,,,0,0.0,1,0.0
1063,35.4333,0,,no_mask,,,,,,,,,0,0.0,,,,,,0,0.0,1,0.0
1064,35.4667,0,,no_mask,,,,,,,,,0,0.0,,,,,,0,0.0,1,0.0
1065,35.5,0,,no_mask,,,,,,,,,0,0.0,,,,,,0,0.0,1,0.0
1066,35.5333,0,,no_mask,,,,,,,,,0,0.0,,,,,,0,0.0,1,0.0
1067,35.5667,0,,no_mask,,,,,,,,,0,0.0,,,,,,0,0.0,1,0.0
1068,35.6,0,,no_mask,,,,,,,,,0,0.0,,,,,,0,0.0,1,0.0
1069,35.6333,0,,no_mask,,,,,,,,,0,0.0,,,,,,0,0.0,1,0.0
1070,35.6667,0,,no_mask,,,,,,,,,0,0.0,,,,,,0,0.0,1,0.0
1071,35.7,0,,no_mask,,,,,,,,,0,0.0,,,,,,0,0.0,1,0.0
1072,35.7333,0,,no_mask,,,,,,,,,0,0.0,,,,,,0,0.0,1,0.0
1073,35.7667,0,,no_mask,,,,,,,,,0,0.0,,,,,,0,0.0,1,0.0
1074,35.8,0,,no_mask,,,,,,,,,0,0.0,,,,,,0,0.0,1,0.0
1075,35.8333,0,,no_mask,,,,,,,,,0,0.0,,,,,,0,0.0,1,0.0
1076,35.8667,0,,no_mask,,,,,,,,,0,0.0,,,,,,0,0.0,1,0.0
1077,35.9,0,,no_mask,,,,,,,,,0,0.0,,,,,,0,0.0,1,0.0
1078,35.9333,0,,no_mask,,,,,,,,,0,0.0,,,,,,0,0.0,1,0.0
1079,35.9667,0,,no_mask,,,,,,,,,0,0.0,,,,,,0,0.0,1,0.0
1080,36.0,0,,no_mask,,,,,,,,,0,0.0,,,,,,0,0.0,1,0.0
1081,36.0333,0,,no_mask,,,,,,,,,0,0.0,,,,,,0,0.0,1,0.0
1082,36.0667,0,,no_mask,,,,,,,,,0,0.0,,,,,,0,0.0,1,0.0
1083,36.1,0,,no_mask,,,,,,,,,0,0.0,,,,,,0,0.0,1,0.0
1084,36.1333,0,,no_mask,,,,,,,,,0,0.0,,,,,,0,0.0,1,0.0
1085,36.1667,0,,no_mask,,,,,,,,,0,0.0,,,,,,0,0.0,1,0.0
1086,36.2,0,,no_mask,,,,,,,,,0,0.0,,,,,,0,0.0,1,0.0
1087,36.2333,0,,no_mask,,,,,,,,,0,0.0,,,,,,0,0.0,1,0.0
1088,36.2667,0,,no_mask,,,,,,,,,0,0.0,,,,,,0,0.0,1,0.0
1089,36.3,0,,no_mask,,,,,,,,,0,0.0,,,,,,0,0.0,1,0.0
1090,36.3333,0,,no_mask,,,,,,,,,0,0.0,,,,,,0,0.0,1,0.0
1091,36.3667,0,,no_mask,,,,,,,,,0,0.0,,,,,,0,0.0,1,0.0
1092,36.4,0,,no_mask,,,,,,,,,0,0.0,,,,,,0,0.0,1,0.0
1093,36.4333,0,,no_mask,,,,,,,,,0,0.0,,,,,,0,0.0,1,0.0
1094,36.4667,0,,no_mask,,,,,,,,,0,0.0,,,,,,0,0.0,1,0.0
1095,36.5,0,,no_mask,,,,,,,,,0,0.0,,,,,,0,0.0,1,0.0
1096,36.5333,0,,no_mask,,,,,,,,,0,0.0,,,,,,0,0.0,1,0.0
1097,36.5667,0,,no_mask,,,,,,,,,0,0.0,,,,,,0,0.0,1,0.0
1098,36.6,0,,no_mask,,,,,,,,,0,0.0,,,,,,0,0.0,1,0.0
1099,36.6333,0,,no_mask,,,,,,,,,0,0.0,,,,,,0,0.0,1,0.0
1100,36.6667,0,,no_mask,,,,,,,,,0,0.0,,,,,,0,0.0,1,0.0
1101,36.7,0,,no_mask,,,,,,,,,0,0.0,,,,,,0,0.0,1,0.0
1102,36.7333,0,,no_mask,,,,,,,,,0,0.0,,,,,,0,0.0,1,0.0
1103,36.7667,0,,no_mask,,,,,,,,,0,0.0,,,,,,0,0.0,1,0.0
1104,36.8,0,,no_mask,,,,,,,,,0,0.0,,,,,,0,0.0,1,0.0
1105,36.8333,0,,no_mask,,,,,,,,,0,0.0,,,,,,0,0.0,1,0.0
1106,36.8667,0,,no_mask,,,,,,,,,0,0.0,,,,,,0,0.0,1,0.0
1107,36.9,0,,no_mask,,,,,,,,,0,0.0,,,,,,0,0.0,1,0.0
1108,36.9333,0,,no_mask,,,,,,,,,0,0.0,,,,,,0,0.0,1,0.0
1109,36.9667,0,,no_mask,,,,,,,,,0,0.0,,,,,,0,0.0,1,0.0
1110,37.0,0,,no_mask,,,,,,,,,0,0.0,,,,,,0,0.0,1,0.0
1111,37.0333,0,,no_mask,,,,,,,,,0,0.0,,,,,,0,0.0,1,0.0
1112,37.0667,0,,no_mask,,,,,,,,,0,0.0,,,,,,0,0.0,1,0.0
1113,37.1,0,,no_mask,,,,,,,,,0,0.0,,,,,,0,0.0,1,0.0
1114,37.1333,0,,no_mask,,,,,,,,,0,0.0,,,,,,0,0.0,1,0.0
1115,37.1667,0,,no_mask,,,,,,,,,0,0.0,,,,,,0,0.0,1,0.0
1116,37.2,0,,no_mask,,,,,,,,,0,0.0,,,,,,0,0.0,1,0.0
1117,37.2333,0,,no_mask,,,,,,,,,0,0.0,,,,,,0,0.0,1,0.0
1118,37.2667,0,,no_mask,,,,,,,,,0,0.0,,,,,,0,0.0,1,0.0
1119,37.3,0,,no_mask,,,,,,,,,0,0.0,,,,,,0,0.0,1,0.0
1120,37.3333,0,,no_mask,,,,,,,,,0,0.0,,,,,,0,0.0,1,0.0
1121,37.3667,0,,no_mask,,,,,,,,,0,0.0,,,,,,0,0.0,1,0.0
1122,37.4,0,,no_mask,,,,,,,,,0,0.0,,,,,,0,0.0,1,0.0
1123,37.4333,0,,no_mask,,,,,,,,,0,0.0,,,,,,0,0.0,1,0.0
1124,37.4667,0,,no_mask,,,,,,,,,0,0.0,,,,,,0,0.0,1,0.0
1125,37.5,0,,no_mask,,,,,,,,,0,0.0,,,,,,0,0.0,1,0.0
1126,37.5333,0,,no_mask,,,,,,,,,0,0.0,,,,,,0,0.0,1,0.0
1127,37.5667,0,,no_mask,,,,,,,,,0,0.0,,,,,,0,0.0,1,0.0
1128,37.6,0,,no_mask,,,,,,,,,0,0.0,,,,,,0,0.0,1,0.0
1129,37.6333,0,,no_mask,,,,,,,,,0,0.0,,,,,,0,0.0,1,0.0
1130,37.6667,0,,no_mask,,,,,,,,,0,0.0,,,,,,0,0.0,1,0.0
1131,37.7,0,,no_mask,,,,,,,,,0,0.0,,,,,,0,0.0,1,0.0
1132,37.7333,0,,no_mask,,,,,,,,,0,0.0,,,,,,0,0.0,1,0.0
1133,37.7667,0,,no_mask,,,,,,,,,0,0.0,,,,,,0,0.0,1,0.0
1134,37.8,0,,no_mask,,,,,,,,,0,0.0,,,,,,0,0.0,1,0.0
1135,37.8333,0,,no_mask,,,,,,,,,0,0.0,,,,,,0,0.0,1,0.0
1136,37.8667,0,,no_mask,,,,,,,,,0,0.0,,,,,,0,0.0,1,0.0
1137,37.9,0,,no_mask,,,,,,,,,0,0.0,,,,,,0,0.0,1,0.0
1138,37.9333,0,,no_mask,,,,,,,,,0,0.0,,,,,,0,0.0,1,0.0
1139,37.9667,0,,no_mask,,,,,,,,,0,0.0,,,,,,0,0.0,1,0.0
1140,38.0,0,,no_mask,,,,,,,,,0,0.0,,,,,,0,0.0,1,0.0
1141,38.0333,0,,no_mask,,,,,,,,,0,0.0,,,,,,0,0.0,1,0.0
1142,38.0667,0,,no_mask,,,,,,,,,0,0.0,,,,,,0,0.0,1,0.0
1143,38.1,0,,no_mask,,,,,,,,,0,0.0,,,,,,0,0.0,1,0.0
1144,38.1333,0,,no_mask,,,,,,,,,0,0.0,,,,,,0,0.0,1,0.0
1145,38.1667,0,,no_mask,,,,,,,,,0,0.0,,,,,,0,0.0,1,0.0
1146,38.2,0,,no_mask,,,,,,,,,0,0.0,,,,,,0,0.0,1,0.0
1147,38.2333,0,,no_mask,,,,,,,,,0,0.0,,,,,,0,0.0,1,0.0
1148,38.2667,0,,no_mask,,,,,,,,,0,0.0,,,,,,0,0.0,1,0.0
1149,38.3,0,,no_mask,,,,,,,,,0,0.0,,,,,,0,0.0,1,0.0
1150,38.3333,0,,no_mask,,,,,,,,,0,0.0,,,,,,0,0.0,1,0.0
1151,38.3667,0,,no_mask,,,,,,,,,0,0.0,,,,,,0,0.0,1,0.0
1152,38.4,0,,no_mask,,,,,,,,,0,0.0,,,,,,0,0.0,1,0.0
1153,38.4333,0,,no_mask,,,,,,,,,0,0.0,,,,,,0,0.0,1,0.0
1154,38.4667,0,,no_mask,,,,,,,,,0,0.0,,,,,,0,0.0,1,0.0
1155,38.5,0,,no_mask,,,,,,,,,0,0.0,,,,,,0,0.0,1,0.0
1156,38.5333,0,,no_mask,,,,,,,,,0,0.0,,,,,,0,0.0,1,0.0
1157,38.5667,0,,no_mask,,,,,,,,,0,0.0,,,,,,0,0.0,1,0.0
1158,38.6,0,,no_mask,,,,,,,,,0,0.0,,,,,,0,0.0,1,0.0
1159,38.6333,0,,no_mask,,,,,,,,,0,0.0,,,,,,0,0.0,1,0.0
1160,38.6667,0,,no_mask,,,,,,,,,0,0.0,,,,,,0,0.0,1,0.0
1161,38.7,0,,no_mask,,,,,,,,,0,0.0,,,,,,0,0.0,1,0.0
1162,38.7333,0,,no_mask,,,,,,,,,0,0.0,,,,,,0,0.0,1,0.0
1163,38.7667,0,,no_mask,,,,,,,,,0,0.0,,,,,,0,0.0,1,0.0
1164,38.8,0,,no_mask,,,,,,,,,0,0.0,,,,,,0,0.0,1,0.0
1165,38.8333,0,,no_mask,,,,,,,,,0,0.0,,,,,,0,0.0,1,0.0
1166,38.8667,0,,no_mask,,,,,,,,,0,0.0,,,,,,0,0.0,1,0.0
1167,38.9,0,,no_mask,,,,,,,,,0,0.0,,,,,,0,0.0,1,0.0
1168,38.9333,0,,no_mask,,,,,,,,,0,0.0,,,,,,0,0.0,1,0.0
1169,38.9667,0,,no_mask,,,,,,,,,0,0.0,,,,,,0,0.0,1,0.0
1170,39.0,0,,no_mask,,,,,,,,,0,0.0,,,,,,0,0.0,1,0.0
1171,39.0333,0,,no_mask,,,,,,,,,0,0.0,,,,,,0,0.0,1,0.0
1172,39.0667,0,,no_mask,,,,,,,,,0,0.0,,,,,,0,0.0,1,0.0
1173,39.1,0,,no_mask,,,,,,,,,0,0.0,,,,,,0,0.0,1,0.0
1174,39.1333,0,,no_mask,,,,,,,,,0,0.0,,,,,,0,0.0,1,0.0
1175,39.1667,0,,no_mask,,,,,,,,,0,0.0,,,,,,0,0.0,1,0.0
1176,39.2,0,,no_mask,,,,,,,,,0,0.0,,,,,,0,0.0,1,0.0
1177,39.2333,0,,no_mask,,,,,,,,,0,0.0,,,,,,0,0.0,1,0.0
1178,39.2667,0,,no_mask,,,,,,,,,0,0.0,,,,,,0,0.0,1,0.0
1179,39.3,0,,no_mask,,,,,,,,,0,0.0,,,,,,0,0.0,1,0.0
1180,39.3333,0,,no_mask,,,,,,,,,0,0.0,,,,,,0,0.0,1,0.0
1181,39.3667,0,,no_mask,,,,,,,,,0,0.0,,,,,,0,0.0,1,0.0
1182,39.4,0,,no_mask,,,,,,,,,0,0.0,,,,,,0,0.0,1,0.0
1183,39.4333,0,,no_mask,,,,,,,,,0,0.0,,,,,,0,0.0,1,0.0
1184,39.4667,0,,no_mask,,,,,,,,,0,0.0,,,,,,0,0.0,1,0.0
1185,39.5,0,,no_mask,,,,,,,,,0,0.0,,,,,,0,0.0,1,0.0
1186,39.5333,0,,no_mask,,,,,,,,,0,0.0,,,,,,0,0.0,1,0.0
1187,39.5667,0,,no_mask,,,,,,,,,0,0.0,,,,,,0,0.0,1,0.0
1188,39.6,0,,no_mask,,,,,,,,,0,0.0,,,,,,0,0.0,1,0.0
1189,39.6333,0,,no_mask,,,,,,,,,0,0.0,,,,,,0,0.0,1,0.0
1190,39.6667,0,,no_mask,,,,,,,,,0,0.0,,,,,,0,0.0,1,0.0
1191,39.7,0,,no_mask,,,,,,,,,0,0.0,,,,,,0,0.0,1,0.0
1192,39.7333,0,,no_mask,,,,,,,,,0,0.0,,,,,,0,0.0,1,0.0
1193,39.7667,0,,no_mask,,,,,,,,,0,0.0,,,,,,0,0.0,1,0.0
1194,39.8,0,,no_mask,,,,,,,,,0,0.0,,,,,,0,0.0,1,0.0
1195,39.8333,0,,no_mask,,,,,,,,,0,0.0,,,,,,0,0.0,1,0.0
1196,39.8667,0,,no_mask,,,,,,,,,0,0.0,,,,,,0,0.0,1,0.0
1197,39.9,0,,no_mask,,,,,,,,,0,0.0,,,,,,0,0.0,1,0.0
1198,39.9333,0,,no_mask,,,,,,,,,0,0.0,,,,,,0,0.0,1,0.0
1199,39.9667,0,,no_mask,,,,,,,,,0,0.0,,,,,,0,0.0,1,0.0
1200,40.0,0,,no_mask,,,,,,,,,0,0.0,,,,,,0,0.0,1,0.0
1201,40.0333,0,,no_mask,,,,,,,,,0,0.0,,,,,,0,0.0,1,0.0
1202,40.0667,0,,no_mask,,,,,,,,,0,0.0,,,,,,0,0.0,1,0.0
1203,40.1,0,,no_mask,,,,,,,,,0,0.0,,,,,,0,0.0,1,0.0
1204,40.1333,0,,no_mask,,,,,,,,,0,0.0,,,,,,0,0.0,1,0.0
1205,40.1667,0,,no_mask,,,,,,,,,0,0.0,,,,,,0,0.0,1,0.0
1206,40.2,0,,no_mask,,,,,,,,,0,0.0,,,,,,0,0.0,1,0.0
1207,40.2333,0,,no_mask,,,,,,,,,0,0.0,,,,,,0,0.0,1,0.0
1208,40.2667,0,,no_mask,,,,,,,,,0,0.0,,,,,,0,0.0,1,0.0
1209,40.3,0,,no_mask,,,,,,,,,0,0.0,,,,,,0,0.0,1,0.0
1210,40.3333,0,,no_mask,,,,,,,,,0,0.0,,,,,,0,0.0,1,0.0
1211,40.3667,0,,no_mask,,,,,,,,,0,0.0,,,,,,0,0.0,1,0.0
1212,40.4,0,,no_mask,,,,,,,,,0,0.0,,,,,,0,0.0,1,0.0
1213,40.4333,0,,no_mask,,,,,,,,,0,0.0,,,,,,0,0.0,1,0.0
1214,40.4667,0,,no_mask,,,,,,,,,0,0.0,,,,,,0,0.0,1,0.0
1215,40.5,0,,no_mask,,,,,,,,,0,0.0,,,,,,0,0.0,1,0.0
1216,40.5333,0,,no_mask,,,,,,,,,0,0.0,,,,,,0,0.0,1,0.0
1217,40.5667,0,,no_mask,,,,,,,,,0,0.0,,,,,,0,0.0,1,0.0
1218,40.6,0,,no_mask,,,,,,,,,0,0.0,,,,,,0,0.0,1,0.0
1219,40.6333,0,,no_mask,,,,,,,,,0,0.0,,,,,,0,0.0,1,0.0
1220,40.6667,0,,no_mask,,,,,,,,,0,0.0,,,,,,0,0.0,1,0.0
1221,40.7,0,,no_mask,,,,,,,,,0,0.0,,,,,,0,0.0,1,0.0
1222,40.7333,0,,no_mask,,,,,,,,,0,0.0,,,,,,0,0.0,1,0.0
1223,40.7667,0,,no_mask,,,,,,,,,0,0.0,,,,,,0,0.0,1,0.0
1224,40.8,0,,no_mask,,,,,,,,,0,0.0,,,,,,0,0.0,1,0.0
1225,40.8333,0,,no_mask,,,,,,,,,0,0.0,,,,,,0,0.0,1,0.0
1226,40.8667,0,,no_mask,,,,,,,,,0,0.0,,,,,,0,0.0,1,0.0
1227,40.9,0,,no_mask,,,,,,,,,0,0.0,,,,,,0,0.0,1,0.0
1228,40.9333,0,,no_mask,,,,,,,,,0,0.0,,,,,,0,0.0,1,0.0
1229,40.9667,0,,no_mask,,,,,,,,,0,0.0,,,,,,0,0.0,1,0.0
1230,41.0,0,,no_mask,,,,,,,,,0,0.0,,,,,,0,0.0,1,0.0
1231,41.0333,0,,no_mask,,,,,,,,,0,0.0,,,,,,0,0.0,1,0.0
1232,41.0667,0,,no_mask,,,,,,,,,0,0.0,,,,,,0,0.0,1,0.0
1233,41.1,0,,no_mask,,,,,,,,,0,0.0,,,,,,0,0.0,1,0.0
1234,41.1333,0,,no_mask,,,,,,,,,0,0.0,,,,,,0,0.0,1,0.0
1235,41.1667,0,,no_mask,,,,,,,,,0,0.0,,,,,,0,0.0,1,0.0
1236,41.2,0,,no_mask,,,,,,,,,0,0.0,,,,,,0,0.0,1,0.0
1237,41.2333,0,,no_mask,,,,,,,,,0,0.0,,,,,,0,0.0,1,0.0
1238,41.2667,0,,no_mask,,,,,,,,,0,0.0,,,,,,0,0.0,1,0.0
1239,41.3,0,,no_mask,,,,,,,,,0,0.0,,,,,,0,0.0,1,0.0
1240,41.3333,0,,no_mask,,,,,,,,,0,0.0,,,,,,0,0.0,1,0.0
1241,41.3667,0,,no_mask,,,,,,,,,0,0.0,,,,,,0,0.0,1,0.0
1242,41.4,0,,no_mask,,,,,,,,,0,0.0,,,,,,0,0.0,1,0.0
1243,41.4333,0,,no_mask,,,,,,,,,0,0.0,,,,,,0,0.0,1,0.0
1244,41.4667,0,,no_mask,,,,,,,,,0,0.0,,,,,,0,0.0,1,0.0
1245,41.5,0,,no_mask,,,,,,,,,0,0.0,,,,,,0,0.0,1,0.0
1246,41.5333,0,,no_mask,,,,,,,,,0,0.0,,,,,,0,0.0,1,0.0
1247,41.5667,0,,no_mask,,,,,,,,,0,0.0,,,,,,0,0.0,1,0.0
1248,41.6,0,,no_mask,,,,,,,,,0,0.0,,,,,,0,0.0,1,0.0
1249,41.6333,0,,no_mask,,,,,,,,,0,0.0,,,,,,0,0.0,1,0.0
1250,41.6667,0,,no_mask,,,,,,,,,0,0.0,,,,,,0,0.0,1,0.0
1251,41.7,0,,no_mask,,,,,,,,,0,0.0,,,,,,0,0.0,1,0.0
1252,41.7333,0,,no_mask,,,,,,,,,0,0.0,,,,,,0,0.0,1,0.0
1253,41.7667,0,,no_mask,,,,,,,,,0,0.0,,,,,,0,0.0,1,0.0
1254,41.8,0,,no_mask,,,,,,,,,0,0.0,,,,,,0,0.0,1,0.0
1255,41.8333,0,,no_mask,,,,,,,,,0,0.0,,,,,,0,0.0,1,0.0
1256,41.8667,0,,no_mask,,,,,,,,,0,0.0,,,,,,0,0.0,1,0.0
1257,41.9,0,,no_mask,,,,,,,,,0,0.0,,,,,,0,0.0,1,0.0
1258,41.9333,0,,no_mask,,,,,,,,,0,0.0,,,,,,0,0.0,1,0.0
1259,41.9667,0,,no_mask,,,,,,,,,0,0.0,,,,,,0,0.0,1,0.0
1260,42.0,0,,no_mask,,,,,,,,,0,0.0,,,,,,0,0.0,1,0.0
1261,42.0333,0,,no_mask,,,,,,,,,0,0.0,,,,,,0,0.0,1,0.0
1262,42.0667,0,,no_mask,,,,,,,,,0,0.0,,,,,,0,0.0,1,0.0
1263,42.1,0,,no_mask,,,,,,,,,0,0.0,,,,,,0,0.0,1,0.0
1264,42.1333,0,,no_mask,,,,,,,,,0,0.0,,,,,,0,0.0,1,0.0
1265,42.1667,0,,no_mask,,,,,,,,,0,0.0,,,,,,0,0.0,1,0.0
1266,42.2,0,,no_mask,,,,,,,,,0,0.0,,,,,,0,0.0,1,0.0
1267,42.2333,0,,no_mask,,,,,,,,,0,0.0,,,,,,0,0.0,1,0.0
1268,42.2667,0,,no_mask,,,,,,,,,0,0.0,,,,,,0,0.0,1,0.0
1269,42.3,0,,no_mask,,,,,,,,,0,0.0,,,,,,0,0.0,1,0.0
1270,42.3333,0,,no_mask,,,,,,,,,0,0.0,,,,,,0,0.0,1,0.0
1271,42.3667,0,,no_mask,,,,,,,,,0,0.0,,,,,,0,0.0,1,0.0
1272,42.4,0,,no_mask,,,,,,,,,0,0.0,,,,,,0,0.0,1,0.0
1273,42.4333,0,,no_mask,,,,,,,,,0,0.0,,,,,,0,0.0,1,0.0
1274,42.4667,0,,no_mask,,,,,,,,,0,0.0,,,,,,0,0.0,1,0.0
1275,42.5,0,,no_mask,,,,,,,,,0,0.0,,,,,,0,0.0,1,0.0
1276,42.5333,0,,no_mask,,,,,,,,,0,0.0,,,,,,0,0.0,1,0.0
1277,42.5667,0,,no_mask,,,,,,,,,0,0.0,,,,,,0,0.0,1,0.0
1278,42.6,0,,no_mask,,,,,,,,,0,0.0,,,,,,0,0.0,1,0.0
1279,42.6333,0,,no_mask,,,,,,,,,0,0.0,,,,,,0,0.0,1,0.0
1280,42.6667,0,,no_mask,,,,,,,,,0,0.0,,,,,,0,0.0,1,0.0
1281,42.7,0,,no_mask,,,,,,,,,0,0.0,,,,,,0,0.0,1,0.0
1282,42.7333,0,,no_mask,,,,,,,,,0,0.0,,,,,,0,0.0,1,0.0
1283,42.7667,0,,no_mask,,,,,,,,,0,0.0,,,,,,0,0.0,1,0.0
1284,42.8,0,,no_mask,,,,,,,,,0,0.0,,,,,,0,0.0,1,0.0
1285,42.8333,0,,no_mask,,,,,,,,,0,0.0,,,,,,0,0.0,1,0.0
1286,42.8667,0,,no_mask,,,,,,,,,0,0.0,,,,,,0,0.0,1,0.0
1287,42.9,0,,no_mask,,,,,,,,,0,0.0,,,,,,0,0.0,1,0.0
1288,42.9333,0,,no_mask,,,,,,,,,0,0.0,,,,,,0,0.0,1,0.0
1289,42.9667,0,,no_mask,,,,,,,,,0,0.0,,,,,,0,0.0,1,0.0
1290,43.0,0,,no_mask,,,,,,,,,0,0.0,,,,,,0,0.0,1,0.0
1291,43.0333,0,,no_mask,,,,,,,,,0,0.0,,,,,,0,0.0,1,0.0
1292,43.0667,0,,no_mask,,,,,,,,,0,0.0,,,,,,0,0.0,1,0.0
1293,43.1,0,,no_mask,,,,,,,,,0,0.0,,,,,,0,0.0,1,0.0
1294,43.1333,0,,no_mask,,,,,,,,,0,0.0,,,,,,0,0.0,1,0.0
1295,43.1667,0,,no_mask,,,,,,,,,0,0.0,,,,,,0,0.0,1,0.0
1296,43.2,0,,no_mask,,,,,,,,,0,0.0,,,,,,0,0.0,1,0.0
1297,43.2333,0,,no_mask,,,,,,,,,0,0.0,,,,,,0,0.0,1,0.0
1298,43.2667,0,,no_mask,,,,,,,,,0,0.0,,,,,,0,0.0,1,0.0
1299,43.3,0,,no_mask,,,,,,,,,0,0.0,,,,,,0,0.0,1,0.0
1300,43.3333,0,,no_mask,,,,,,,,,0,0.0,,,,,,0,0.0,1,0.0
1301,43.3667,0,,no_mask,,,,,,,,,0,0.0,,,,,,0,0.0,1,0.0
1302,43.4,0,,no_mask,,,,,,,,,0,0.0,,,,,,0,0.0,1,0.0
1303,43.4333,0,,no_mask,,,,,,,,,0,0.0,,,,,,0,0.0,1,0.0
1304,43.4667,0,,no_mask,,,,,,,,,0,0.0,,,,,,0,0.0,1,0.0
1305,43.5,0,,no_mask,,,,,,,,,0,0.0,,,,,,0,0.0,1,0.0
1306,43.5333,0,,no_mask,,,,,,,,,0,0.0,,,,,,0,0.0,1,0.0
1307,43.5667,0,,no_mask,,,,,,,,,0,0.0,,,,,,0,0.0,1,0.0
