frame,t,ok,has,reason,area,n_comp,x1,y1,x2,y2,cx,cy,iou_box,contain,area_ratio,center_off,escape,esc_tol,w_row_med,h_rows,prompted,reanchored,bad_run
0,0.0,0,0,no_track,,,,,,,,,,,,,,,,,,,
1,0.0333,0,0,no_track,,,,,,,,,,,,,,,,,,,
2,0.0667,0,0,no_track,,,,,,,,,,,,,,,,,,,
3,0.1,0,0,no_track,,,,,,,,,,,,,,,,,,,
4,0.1333,0,0,no_track,,,,,,,,,,,,,,,,,,,
5,0.1667,0,0,no_track,,,,,,,,,,,,,,,,,,,
6,0.2,0,0,no_track,,,,,,,,,,,,,,,,,,,
7,0.2333,0,0,no_track,,,,,,,,,,,,,,,,,,,
8,0.2667,0,0,no_track,,,,,,,,,,,,,,,,,,,
9,0.3,0,0,no_track,,,,,,,,,,,,,,,,,,,
10,0.3333,0,0,no_track,,,,,,,,,,,,,,,,,,,
11,0.3667,0,0,no_track,,,,,,,,,,,,,,,,,,,
12,0.4,1,1,,304.0,1,1082.0,0.0,1103.0,17.0,1092.1743,7.1743,0.8555,0.9145,0.8659,0.059,1.02,7.6895,19.0,15,1,0,0
13,0.4333,1,1,,350.0,1,1083.0,0.0,1103.0,19.0,1092.5971,8.5486,0.8389,0.8817,0.9875,0.0372,2.232,7.3982,18.0,17,0,0,0
14,0.4667,1,1,,414.0,1,1082.0,0.0,1104.0,22.0,1092.9275,9.9879,0.7649,0.7695,1.103,0.0469,4.2514,7.4019,18.5,20,0,0,0
15,0.5,1,1,,452.0,1,1082.0,0.0,1104.0,24.0,1093.2765,10.9668,0.7168,0.721,1.1777,0.0691,5.8641,7.4069,18.0,22,0,0,0
16,0.5333,0,1,mask_escaped_box,504.0,1,1082.0,0.0,1104.0,27.0,1093.2202,12.1627,0.647,0.6581,1.2566,0.1064,8.7055,7.6734,18.0,25,0,0,1
17,0.5667,1,1,,547.0,1,1082.0,0.0,1105.0,29.0,1093.3839,13.4406,0.7443,0.7495,1.0839,0.0778,7.0956,8.0759,18.0,27,0,0,0
18,0.6,0,1,mask_escaped_box,679.0,1,1082.0,0.0,1105.0,36.0,1093.5847,16.7482,0.6684,0.6961,1.112,0.118,10.8177,8.529,19.0,34,0,0,1
19,0.6333,1,1,,688.0,1,1082.0,0.0,1106.0,36.0,1093.6686,16.859,0.7028,0.7428,0.9957,0.0866,8.7705,8.9482,19.0,34,0,0,0
20,0.6667,0,1,mask_escaped_box,758.0,1,1082.0,0.0,1106.0,41.0,1094.004,19.4261,0.6452,0.6886,1.0192,0.134,12.5139,9.2202,18.0,39,1,1,1
21,0.7,0,1,mask_escaped_box,774.0,1,1082.0,0.0,1106.0,42.0,1093.9755,19.8127,0.6385,0.6891,0.9995,0.1272,12.673,9.3648,18.0,40,0,0,2
22,0.7333,0,1,mask_escaped_box,803.0,1,1082.0,0.0,1106.0,44.0,1093.9415,20.6687,0.6149,0.6661,1.0145,0.1395,14.216,9.4518,18.0,42,0,0,3
23,0.7667,0,0,no_track,,,,,,,,,,,,,,,,,,,
24,0.8,0,0,no_track,,,,,,,,,,,,,,,,,,,
25,0.8333,0,0,no_track,,,,,,,,,,,,,,,,,,,
26,0.8667,1,1,,958.0,1,1082.0,0.0,1107.0,53.0,1094.2714,25.3633,0.8008,0.866,0.763,0.0291,6.2297,9.5735,17.0,51,1,1,0
27,0.9,1,1,,1027.0,1,1081.0,0.0,1108.0,58.0,1094.2571,27.591,0.8228,0.8417,0.7584,0.0419,8.3063,9.7087,17.0,56,0,0,0
28,0.9333,1,1,,1084.0,1,1081.0,0.0,1107.0,61.0,1094.1208,29.2159,0.7911,0.8492,0.7408,0.045,8.4241,9.8873,17.0,59,0,0,0
29,0.9667,1,1,,1086.0,1,1081.0,0.0,1107.0,61.0,1093.8867,29.2901,0.8252,0.9003,0.6907,0.0258,5.4312,10.0202,17.0,59,0,0,0
30,1.0,1,1,,1132.0,1,1080.0,0.0,1107.0,63.0,1093.7058,30.0451,0.8354,0.9029,0.6765,0.0209,4.8485,10.1668,17.0,61,0,0,0
31,1.0333,1,1,,1201.0,1,1080.0,0.0,1108.0,67.0,1093.592,31.8085,0.8523,0.895,0.6773,0.0248,6.5406,10.3495,17.0,65,0,0,0
32,1.0667,1,1,,1255.0,1,1079.0,0.0,1108.0,70.0,1093.3944,33.3092,0.8524,0.885,0.6695,0.0259,7.1066,10.5205,17.0,68,0,0,0
33,1.1,1,1,,1305.0,1,1079.0,0.0,1107.0,72.0,1093.1065,34.2169,0.8368,0.9018,0.6609,0.0188,6.5007,10.6436,18.0,70,0,0,0
34,1.1333,1,1,,1396.0,1,1079.0,0.0,1107.0,76.0,1092.5387,36.9756,0.816,0.8876,0.6727,0.0377,7.9638,10.768,18.0,74,0,0,0
35,1.1667,1,1,,1405.0,1,1078.0,0.0,1107.0,76.0,1092.4833,36.9317,0.8627,0.9254,0.6387,0.0171,5.0921,10.9469,18.0,74,0,0,0
36,1.2,1,1,,1499.0,1,1077.0,0.0,1107.0,79.0,1091.9273,38.1374,0.8751,0.9219,0.6485,0.0187,5.5718,11.1023,18.0,77,0,0,0
37,1.2333,1,1,,1532.0,1,1075.0,0.0,1108.0,81.0,1091.032,39.1991,0.8715,0.8901,0.6288,0.0225,5.1024,11.3148,18.0,79,0,0,0
38,1.2667,1,1,,1697.0,1,1073.0,0.0,1107.0,85.0,1089.3005,41.6181,0.8071,0.8447,0.6589,0.0438,6.8525,11.596,19.0,83,0,0,0
39,1.3,1,1,,1605.0,1,1074.0,0.0,1107.0,87.0,1089.6474,43.038,0.863,0.9034,0.5884,0.0384,6.63,11.9286,18.0,85,0,0,0
40,1.3333,1,1,,1778.0,1,1072.0,0.0,1106.0,90.0,1088.3622,44.4044,0.8091,0.867,0.6191,0.0464,7.4266,12.2071,19.0,88,0,0,0
41,1.3667,1,1,,1784.0,1,1072.0,0.0,1105.0,92.0,1087.5196,45.5589,0.8231,0.8978,0.5944,0.0461,6.9635,12.3783,19.0,90,0,0,0
42,1.4,1,1,,1823.0,1,1070.0,0.0,1104.0,96.0,1086.316,47.5765,0.7841,0.8562,0.5891,0.0535,8.4255,12.3888,18.0,94,0,0,0
43,1.4333,1,1,,1708.0,1,1072.0,0.0,1105.0,95.0,1087.6001,47.2775,0.8916,0.9503,0.5361,0.0236,4.5081,12.3511,17.0,93,0,0,0
44,1.4667,1,1,,1795.0,1,1071.0,0.0,1105.0,99.0,1087.0284,48.9916,0.9052,0.9373,0.5482,0.0265,5.9438,12.3504,17.0,97,0,0,0
45,1.5,1,1,,2028.0,1,1067.0,0.0,1104.0,102.0,1085.2357,50.215,0.8216,0.8534,0.6023,0.0345,6.5605,12.3875,19.0,100,0,0,0
46,1.5333,1,1,,2028.0,1,1066.0,0.0,1104.0,104.0,1084.2835,51.1425,0.8197,0.8465,0.5837,0.0366,6.2153,12.4907,19.0,102,0,0,0
47,1.5667,1,1,,2009.0,1,1066.0,0.0,1103.0,106.0,1083.7501,52.6038,0.8217,0.8637,0.56,0.0377,5.9714,12.6155,18.0,104,0,0,0
48,1.6,1,1,,2033.0,1,1065.0,0.0,1102.0,109.0,1083.1569,53.5563,0.8102,0.8526,0.557,0.0343,6.7022,12.5419,18.0,107,0,0,0
49,1.6333,1,1,,2080.0,1,1065.0,0.0,1101.0,111.0,1082.5202,54.6216,0.8248,0.8747,0.5565,0.0329,6.4843,12.5523,18.0,109,0,0,0
50,1.6667,1,1,,2002.0,1,1065.0,0.0,1101.0,112.0,1082.7293,55.3222,0.8755,0.9092,0.5239,0.0233,5.337,12.5564,17.0,110,0,0,0
51,1.7,1,1,,2007.0,1,1065.0,0.0,1101.0,114.0,1082.4684,56.4614,0.9136,0.9343,0.5111,0.0214,5.228,12.6411,17.0,112,0,0,0
52,1.7333,1,1,,2208.0,1,1063.0,0.0,1100.0,118.0,1080.9244,57.8238,0.8557,0.8859,0.5489,0.0285,7.1047,12.6952,18.0,116,0,0,0
53,1.7667,1,1,,2298.0,1,1062.0,0.0,1099.0,119.0,1079.9286,58.3703,0.8457,0.89,0.5539,0.0279,5.9415,12.8446,18.0,117,0,0,0
54,1.8,1,1,,2303.0,1,1061.0,0.0,1099.0,121.0,1079.198,59.271,0.8553,0.8941,0.5331,0.0273,5.7774,13.1213,18.0,119,0,0,0
55,1.8333,1,1,,2261.0,1,1061.0,0.0,1098.0,123.0,1078.7461,60.3768,0.864,0.9192,0.5054,0.0256,5.6414,13.3423,17.0,121,0,0,0
56,1.8667,1,1,,2276.0,1,1061.0,0.0,1098.0,126.0,1078.3647,62.0936,0.8959,0.9347,0.4992,0.0256,6.3579,13.3367,17.0,124,0,0,0
57,1.9,1,1,,2302.0,1,1061.0,0.0,1097.0,128.0,1078.0256,63.4679,0.9001,0.9512,0.4956,0.0253,6.0119,13.3269,17.0,126,0,0,0
58,1.9333,1,1,,2216.0,1,1061.0,0.0,1096.0,131.0,1077.4576,66.6746,0.8795,0.9497,0.4694,0.0383,6.5834,13.2795,16.0,129,0,0,0
59,1.9667,1,1,,2207.0,1,1061.0,0.0,1096.0,131.0,1077.4005,66.7426,0.896,0.9681,0.4591,0.0235,3.6698,13.2683,16.0,129,0,0,0
60,2.0,1,1,,2376.0,1,1060.0,0.0,1096.0,134.0,1076.5488,67.8241,0.9159,0.9613,0.4873,0.0223,4.2933,13.2493,17.0,132,0,0,0
61,2.0333,1,1,,2256.0,1,1059.0,0.0,1095.0,137.0,1075.9397,71.8648,0.912,0.9535,0.4579,0.0418,5.1669,13.2005,16.0,135,0,0,0
62,2.0667,1,1,,2315.0,1,1059.0,0.0,1095.0,137.0,1075.6022,71.5663,0.914,0.968,0.4569,0.0296,3.0072,13.3703,16.0,135,0,0,0
63,2.1,1,1,,2343.0,1,1059.0,0.0,1094.0,139.0,1075.2215,71.7175,0.8802,0.9668,0.4521,0.0238,3.2273,13.4967,16.0,137,0,0,0
64,2.1333,1,1,,2527.0,1,1058.0,0.0,1094.0,141.0,1073.8219,71.26,0.9107,0.9664,0.4845,0.0177,3.4008,13.3964,17.0,139,0,0,0
65,2.1667,1,1,,2572.0,1,1058.0,0.0,1094.0,144.0,1073.404,72.6023,0.9115,0.9591,0.4905,0.0199,4.6203,13.2866,17.0,142,0,0,0
66,2.2,1,1,,2553.0,1,1058.0,0.0,1093.0,145.0,1072.9561,73.1955,0.9023,0.9654,0.4859,0.0185,3.8217,13.1368,17.0,143,0,0,0
67,2.2333,1,1,,2435.0,1,1059.0,0.0,1092.0,146.0,1073.4148,74.6977,0.8687,0.9713,0.4639,0.019,3.0021,12.9549,16.0,144,0,0,0
68,2.2667,1,1,,2609.0,1,1057.0,0.0,1092.0,148.0,1071.8689,75.3936,0.9282,0.9706,0.4956,0.0227,3.1764,12.8263,17.0,146,0,0,0
69,2.3,1,1,,2713.0,1,1057.0,0.0,1090.0,153.0,1070.7527,77.1666,0.8595,0.9501,0.5091,0.0303,6.4103,12.8309,17.0,151,0,0,0
70,2.3333,1,1,,2562.0,1,1057.0,0.0,1091.0,152.0,1071.1987,77.6335,0.9101,0.9697,0.4789,0.0207,3.0272,12.7026,16.0,150,0,0,0
71,2.3667,1,1,,2789.0,1,1056.0,0.0,1090.0,154.0,1070.2288,77.4184,0.9143,0.969,0.5178,0.0181,2.9629,12.6336,17.0,152,0,0,0
72,2.4,1,1,,2672.0,1,1056.0,0.0,1089.0,155.0,1070.4491,78.4824,0.8926,0.9739,0.4905,0.0154,2.215,12.6302,17.0,153,0,0,0
73,2.4333,1,1,,2710.0,1,1055.0,0.0,1089.0,157.0,1069.9502,78.5317,0.906,0.972,0.4859,0.0137,2.6006,12.7914,16.0,155,0,0,0
74,2.4667,1,1,,2856.0,1,1053.0,0.0,1087.0,161.0,1069.0109,80.8277,0.8773,0.9564,0.4985,0.0206,5.048,13.0048,17.0,159,0,0,0
75,2.5,1,1,,2900.0,1,1053.0,0.0,1086.0,163.0,1068.3728,81.2179,0.8388,0.9574,0.4907,0.0196,5.2079,13.2555,17.0,161,0,0,0
76,2.5333,1,1,,2934.0,1,1053.0,0.0,1086.0,163.0,1068.1946,81.5958,0.8498,0.9704,0.4904,0.0134,3.0058,13.2386,17.0,161,0,0,0
77,2.5667,1,1,,2999.0,1,1052.0,0.0,1085.0,165.0,1067.7643,82.1794,0.8512,0.9701,0.4963,0.0116,3.0529,13.2127,17.0,163,0,0,0
78,2.6,1,1,,2967.0,1,1051.0,0.0,1084.0,167.0,1067.3768,83.9535,0.8496,0.9694,0.4848,0.0131,3.189,13.2304,17.0,165,0,0,0
79,2.6333,1,1,,3196.0,1,1050.0,0.0,1084.0,169.0,1066.5238,83.5648,0.8813,0.9672,0.5224,0.014,2.7812,13.0998,18.0,167,0,0,0
80,2.6667,1,1,,3047.0,1,1051.0,0.0,1083.0,170.0,1066.5858,85.1605,0.8433,0.9694,0.5006,0.0106,3.5631,12.9267,17.0,168,0,0,0
81,2.7,1,1,,3339.0,1,1049.0,0.0,1082.0,172.0,1065.4046,84.3061,0.8499,0.9528,0.5478,0.0218,4.1787,12.8539,18.0,170,0,0,0
82,2.7333,1,1,,3133.0,1,1050.0,0.0,1082.0,173.0,1065.6001,86.932,0.8512,0.9658,0.5143,0.012,4.6623,12.7605,17.0,171,0,0,0
83,2.7667,1,1,,3413.0,1,1048.0,0.0,1081.0,176.0,1064.5511,85.465,0.8473,0.9411,0.5587,0.0242,5.0104,12.7196,18.0,174,0,0,0
84,2.8,1,1,,3224.0,1,1049.0,0.0,1081.0,177.0,1064.7199,89.067,0.8509,0.9564,0.5268,0.0095,5.1904,12.652,18.0,175,0,0,0
85,2.8333,1,1,,3286.0,1,1048.0,0.0,1079.0,180.0,1064.0651,90.0499,0.8255,0.9477,0.5374,0.009,5.3479,12.5454,17.0,178,0,0,0
86,2.8667,1,1,,3495.0,1,1046.0,0.0,1079.0,180.0,1063.3797,88.3162,0.8284,0.9194,0.5717,0.0213,5.6215,12.431,18.0,178,0,0,0
87,2.9,1,1,,3340.0,1,1047.0,0.0,1078.0,182.0,1063.5757,90.7707,0.8384,0.9501,0.5465,0.0118,5.7518,12.3267,17.0,180,0,0,0
88,2.9333,1,1,,3340.0,1,1047.0,0.0,1078.0,184.0,1063.2108,92.2293,0.8443,0.9504,0.5442,0.0089,5.6749,12.2837,17.0,182,0,0,0
89,2.9667,1,1,,3630.0,1,1045.0,0.0,1078.0,186.0,1062.2281,91.5421,0.8132,0.9014,0.5856,0.016,5.559,12.314,18.0,184,0,0,0
90,3.0,1,1,,3440.0,1,1045.0,0.0,1077.0,187.0,1062.5134,94.0622,0.798,0.912,0.545,0.0085,5.1578,12.4355,17.0,185,0,0,0
91,3.0333,1,1,,3750.0,1,1044.0,0.0,1077.0,190.0,1061.6013,92.8664,0.7918,0.8971,0.5807,0.0143,5.8748,12.6094,18.0,188,0,0,0
92,3.0667,1,1,,3780.0,1,1044.0,0.0,1077.0,193.0,1061.0423,95.213,0.8081,0.9094,0.5736,0.0117,7.2701,12.74,18.0,191,0,0,0
93,3.1,1,1,,3762.0,1,1043.0,0.0,1077.0,193.0,1060.8323,95.4819,0.8158,0.908,0.5615,0.0113,5.1068,12.8077,18.0,191,0,0,0
94,3.1333,1,1,,3795.0,1,1043.0,0.0,1077.0,195.0,1060.576,96.5407,0.8319,0.9181,0.5603,0.0109,5.0458,12.8196,18.0,193,0,0,0
95,3.1667,1,1,,3767.0,1,1043.0,0.0,1078.0,196.0,1060.3183,97.622,0.8677,0.9276,0.551,0.0113,5.2754,12.8171,18.0,194,0,0,0
96,3.2,1,1,,3778.0,1,1043.0,0.0,1078.0,197.0,1059.8078,98.3436,0.8894,0.9397,0.55,0.0133,5.7753,12.7705,18.0,195,0,0,0
97,3.2333,1,1,,3872.0,1,1041.0,0.0,1079.0,200.0,1059.4303,99.1942,0.8718,0.8878,0.5622,0.0203,7.866,12.7368,18.0,198,0,0,0
98,3.2667,0,1,mask_escaped_box,4002.0,1,1040.0,0.0,1082.0,205.0,1058.9305,100.006,0.7952,0.7952,0.5845,0.0414,13.3635,12.6868,18.0,203,1,1,1
99,3.3,0,1,mask_escaped_box,3965.0,1,1040.0,0.0,1083.0,205.0,1059.2257,100.5778,0.6675,0.7029,0.595,0.1415,35.8866,12.8232,18.0,203,0,0,2
100,3.3333,0,1,mask_escaped_box,3999.0,1,1039.0,0.0,1084.0,207.0,1058.5874,102.4151,0.5651,0.6054,0.6343,0.208,53.118,12.8667,18.0,205,0,0,3
101,3.3667,0,0,no_track,,,,,,,,,,,,,,,,,,,
102,3.4,0,0,no_track,,,,,,,,,,,,,,,,,,,
103,3.4333,0,0,no_track,,,,,,,,,,,,,,,,,,,
104,3.4667,0,1,mask_escaped_box,2707.0,1,1038.0,57.0,1075.0,214.0,1052.8404,136.2571,0.806,0.8602,0.5025,0.0468,13.9243,13.0656,16.0,155,1,1,1
105,3.5,0,1,mask_escaped_box,2803.0,1,1037.0,56.0,1076.0,215.0,1052.8102,134.6861,0.7723,0.806,0.532,0.0555,15.9122,13.013,17.0,157,0,0,2
106,3.5333,0,1,mask_escaped_box,2799.0,1,1036.0,57.0,1076.0,217.0,1052.209,135.9246,0.7503,0.7768,0.5385,0.0585,17.4953,13.0224,16.0,158,0,0,3
107,3.5667,0,0,no_track,,,,,,,,,,,,,,,,,,,
108,3.6,0,0,no_track,,,,,,,,,,,,,,,,,,,
109,3.6333,0,0,no_track,,,,,,,,,,,,,,,,,,,
110,3.6667,0,1,mask_escaped_box,2923.0,1,1033.0,56.0,1076.0,222.0,1049.7776,136.193,0.779,0.7886,0.5113,0.0637,21.8522,13.6673,16.0,164,1,1,1
111,3.7,0,1,mask_escaped_box,3135.0,1,1031.0,58.0,1076.0,225.0,1048.7534,139.1451,0.702,0.7283,0.5448,0.1024,27.7779,13.7591,18.0,165,0,0,2
112,3.7333,0,1,mask_escaped_box,3250.0,1,1030.0,59.0,1076.0,227.0,1047.9135,140.6671,0.6557,0.6928,0.5611,0.1317,32.7036,13.8508,18.0,166,0,0,3
113,3.7667,0,0,no_track,,,,,,,,,,,,,,,,,,,
114,3.8,0,0,no_track,,,,,,,,,,,,,,,,,,,
115,3.8333,0,0,no_track,,,,,,,,,,,,,,,,,,,
116,3.8667,1,1,,2478.0,1,1029.0,84.0,1063.0,233.0,1042.7139,156.7175,0.7968,0.8723,0.5058,0.0216,3.7072,11.2989,16.0,147,1,1,0
117,3.9,0,1,mask_escaped_box,3194.0,1,1028.0,64.0,1076.0,235.0,1044.7746,146.572,0.5446,0.5583,0.6671,0.0629,17.9723,10.9811,17.0,169,0,0,1
118,3.9333,0,1,mask_escaped_box,3191.0,1,1028.0,65.0,1076.0,237.0,1044.2717,147.4347,0.5221,0.5377,0.681,0.0681,19.1113,10.6726,17.0,170,0,0,2
119,3.9667,0,1,mask_escaped_box,3180.0,1,1028.0,65.0,1076.0,239.0,1043.7387,148.6148,0.5038,0.5208,0.6864,0.0657,19.9194,10.4679,17.0,172,0,0,3
120,4.0,0,0,no_track,,,,,,,,,,,,,,,,,,,
121,4.0333,0,0,no_track,,,,,,,,,,,,,,,,,,,
122,4.0667,0,0,no_track,,,,,,,,,,,,,,,,,,,
123,4.1,0,0,no_track,,,,,,,,,,,,,,,,,,,
124,4.1333,0,0,no_track,,,,,,,,,,,,,,,,,,,
125,4.1667,0,0,no_track,,,,,,,,,,,,,,,,,,,
126,4.2,0,0,no_track,,,,,,,,,,,,,,,,,,,
127,4.2333,0,0,no_track,,,,,,,,,,,,,,,,,,,
128,4.2667,0,0,no_track,,,,,,,,,,,,,,,,,,,
129,4.3,0,0,no_track,,,,,,,,,,,,,,,,,,,
130,4.3333,0,0,no_track,,,,,,,,,,,,,,,,,,,
131,4.3667,0,0,no_track,,,,,,,,,,,,,,,,,,,
132,4.4,0,0,no_track,,,,,,,,,,,,,,,,,,,
133,4.4333,0,0,no_track,,,,,,,,,,,,,,,,,,,
134,4.4667,0,0,no_track,,,,,,,,,,,,,,,,,,,
135,4.5,0,0,no_track,,,,,,,,,,,,,,,,,,,
136,4.5333,0,0,no_track,,,,,,,,,,,,,,,,,,,
137,4.5667,0,0,no_track,,,,,,,,,,,,,,,,,,,
138,4.6,0,0,no_track,,,,,,,,,,,,,,,,,,,
139,4.6333,0,0,no_track,,,,,,,,,,,,,,,,,,,
140,4.6667,0,0,no_track,,,,,,,,,,,,,,,,,,,
141,4.7,0,0,no_track,,,,,,,,,,,,,,,,,,,
142,4.7333,0,0,no_track,,,,,,,,,,,,,,,,,,,
143,4.7667,0,0,no_track,,,,,,,,,,,,,,,,,,,
144,4.8,0,0,no_track,,,,,,,,,,,,,,,,,,,
145,4.8333,0,0,no_track,,,,,,,,,,,,,,,,,,,
146,4.8667,0,0,no_track,,,,,,,,,,,,,,,,,,,
147,4.9,0,0,no_track,,,,,,,,,,,,,,,,,,,
148,4.9333,0,0,no_track,,,,,,,,,,,,,,,,,,,
149,4.9667,0,0,no_track,,,,,,,,,,,,,,,,,,,
150,5.0,0,0,no_track,,,,,,,,,,,,,,,,,,,
151,5.0333,0,0,no_track,,,,,,,,,,,,,,,,,,,
152,5.0667,0,0,no_track,,,,,,,,,,,,,,,,,,,
153,5.1,0,0,no_track,,,,,,,,,,,,,,,,,,,
154,5.1333,0,0,no_track,,,,,,,,,,,,,,,,,,,
155,5.1667,0,0,no_track,,,,,,,,,,,,,,,,,,,
156,5.2,0,0,no_track,,,,,,,,,,,,,,,,,,,
157,5.2333,0,0,no_track,,,,,,,,,,,,,,,,,,,
158,5.2667,0,0,no_track,,,,,,,,,,,,,,,,,,,
159,5.3,0,0,no_track,,,,,,,,,,,,,,,,,,,
160,5.3333,0,0,no_track,,,,,,,,,,,,,,,,,,,
161,5.3667,0,0,no_track,,,,,,,,,,,,,,,,,,,
162,5.4,0,0,no_track,,,,,,,,,,,,,,,,,,,
163,5.4333,0,0,no_track,,,,,,,,,,,,,,,,,,,
164,5.4667,0,0,no_track,,,,,,,,,,,,,,,,,,,
165,5.5,0,0,no_track,,,,,,,,,,,,,,,,,,,
166,5.5333,0,0,no_track,,,,,,,,,,,,,,,,,,,
167,5.5667,0,0,no_track,,,,,,,,,,,,,,,,,,,
168,5.6,0,0,no_track,,,,,,,,,,,,,,,,,,,
169,5.6333,0,0,no_track,,,,,,,,,,,,,,,,,,,
170,5.6667,0,0,no_track,,,,,,,,,,,,,,,,,,,
171,5.7,0,0,no_track,,,,,,,,,,,,,,,,,,,
172,5.7333,0,0,no_track,,,,,,,,,,,,,,,,,,,
173,5.7667,0,0,no_track,,,,,,,,,,,,,,,,,,,
174,5.8,0,0,no_track,,,,,,,,,,,,,,,,,,,
175,5.8333,0,0,no_track,,,,,,,,,,,,,,,,,,,
176,5.8667,0,0,no_track,,,,,,,,,,,,,,,,,,,
177,5.9,0,0,no_track,,,,,,,,,,,,,,,,,,,
178,5.9333,0,0,no_track,,,,,,,,,,,,,,,,,,,
179,5.9667,0,0,no_track,,,,,,,,,,,,,,,,,,,
180,6.0,0,0,no_track,,,,,,,,,,,,,,,,,,,
181,6.0333,0,0,no_track,,,,,,,,,,,,,,,,,,,
182,6.0667,0,0,no_track,,,,,,,,,,,,,,,,,,,
183,6.1,0,0,no_track,,,,,,,,,,,,,,,,,,,
184,6.1333,0,0,no_track,,,,,,,,,,,,,,,,,,,
185,6.1667,0,0,no_track,,,,,,,,,,,,,,,,,,,
186,6.2,0,0,no_track,,,,,,,,,,,,,,,,,,,
187,6.2333,0,0,no_track,,,,,,,,,,,,,,,,,,,
188,6.2667,0,0,no_track,,,,,,,,,,,,,,,,,,,
189,6.3,0,0,no_track,,,,,,,,,,,,,,,,,,,
190,6.3333,0,0,no_track,,,,,,,,,,,,,,,,,,,
191,6.3667,0,0,no_track,,,,,,,,,,,,,,,,,,,
192,6.4,0,0,no_track,,,,,,,,,,,,,,,,,,,
193,6.4333,0,0,no_track,,,,,,,,,,,,,,,,,,,
194,6.4667,0,0,no_track,,,,,,,,,,,,,,,,,,,
195,6.5,0,0,no_track,,,,,,,,,,,,,,,,,,,
196,6.5333,0,0,no_track,,,,,,,,,,,,,,,,,,,
197,6.5667,0,0,no_track,,,,,,,,,,,,,,,,,,,
198,6.6,0,0,no_track,,,,,,,,,,,,,,,,,,,
199,6.6333,0,0,no_track,,,,,,,,,,,,,,,,,,,
200,6.6667,1,1,,2536.0,1,966.0,223.0,1000.0,379.0,978.9113,301.6372,0.7808,0.8207,0.5485,0.0325,5.8684,9.9449,16.0,154,1,0,0
201,6.7,1,1,,2784.0,1,964.0,224.0,1001.0,381.0,978.4393,302.2611,0.7386,0.7572,0.6125,0.0132,7.7921,9.8063,17.0,155,0,0,0
202,6.7333,1,1,,2882.0,1,963.0,224.0,1001.0,383.0,977.6863,303.9754,0.7179,0.7264,0.646,0.0108,8.5591,9.6616,18.0,157,0,0,0
203,6.7667,1,1,,2704.0,1,965.0,227.0,1000.0,383.0,977.9667,305.6842,0.7259,0.7652,0.6045,0.0109,8.2194,9.7012,17.0,154,0,0,0
204,6.8,1,1,,2765.0,1,964.0,228.0,1000.0,384.0,977.2203,306.5396,0.7278,0.7563,0.6189,0.0088,8.7741,9.7058,17.0,154,0,0,0
205,6.8333,1,1,,2757.0,1,962.0,229.0,1000.0,388.0,976.1788,308.395,0.7149,0.7278,0.6117,0.0176,9.1983,9.7971,17.0,157,0,0,0
206,6.8667,1,1,,2808.0,1,961.0,229.0,1000.0,389.0,975.8358,308.6834,0.7051,0.7158,0.6157,0.0138,9.8804,9.8812,17.0,158,0,0,0
207,6.9,0,1,mask_escaped_box,2848.0,1,961.0,229.0,1000.0,390.0,975.4716,309.4765,0.7142,0.724,0.6147,0.0143,10.3831,9.9891,17.0,159,1,1,1
208,6.9333,0,1,mask_escaped_box,2840.0,1,960.0,230.0,1000.0,391.0,974.7599,310.2345,0.7024,0.7151,0.6015,0.016,10.7008,10.1246,17.0,159,0,0,2
209,6.9667,0,1,mask_escaped_box,2811.0,1,960.0,231.0,1001.0,393.0,974.2316,311.3244,0.6748,0.6945,0.5848,0.02,12.0165,10.2373,17.0,160,0,0,3
210,7.0,0,0,no_track,,,,,,,,,,,,,,,,,,,
211,7.0333,0,0,no_track,,,,,,,,,,,,,,,,,,,
212,7.0667,0,0,no_track,,,,,,,,,,,,,,,,,,,
213,7.1,0,1,mask_escaped_box,2778.0,1,956.0,236.0,999.0,400.0,971.1001,319.1429,0.6662,0.6842,0.5539,0.034,11.945,10.4738,16.0,162,1,1,1
214,7.1333,0,1,mask_escaped_box,2894.0,1,955.0,235.0,1000.0,401.0,971.1859,317.9817,0.6543,0.6648,0.569,0.017,13.296,10.5882,17.0,164,0,0,2
215,7.1667,0,1,mask_escaped_box,2971.0,1,955.0,236.0,999.0,403.0,970.551,319.0889,0.6792,0.6905,0.5718,0.0155,12.6196,10.7688,17.0,165,0,0,3
216,7.2,0,0,no_track,,,,,,,,,,,,,,,,,,,
217,7.2333,0,0,no_track,,,,,,,,,,,,,,,,,,,
218,7.2667,0,0,no_track,,,,,,,,,,,,,,,,,,,
219,7.3,1,1,,2823.0,1,952.0,246.0,993.0,408.0,967.2837,327.0096,0.7588,0.7906,0.5105,0.0268,8.3683,11.3767,17.0,160,1,1,0
220,7.3333,1,1,,2960.0,1,952.0,243.0,994.0,410.0,967.5294,325.0818,0.7435,0.7648,0.5319,0.0034,9.7911,11.4626,17.0,165,0,0,0
221,7.3667,1,1,,2930.0,1,951.0,245.0,993.0,411.0,966.7659,326.6805,0.7626,0.7829,0.5192,0.0046,9.1082,11.6341,17.0,164,0,0,0
222,7.4,1,1,,2941.0,1,950.0,245.0,993.0,413.0,966.3645,327.7718,0.7666,0.7772,0.5146,0.0054,9.3427,11.7752,17.0,166,0,0,0
223,7.4333,1,1,,2903.0,1,950.0,248.0,992.0,415.0,965.403,330.669,0.7494,0.7832,0.4997,0.0168,8.7093,11.9409,17.0,165,0,0,0
224,7.4667,1,1,,2963.0,1,949.0,248.0,993.0,416.0,965.1195,330.5025,0.742,0.7682,0.4989,0.0138,9.7362,12.1549,17.0,166,0,0,0
225,7.5,1,1,,2965.0,1,949.0,250.0,992.0,418.0,964.4715,331.8668,0.7309,0.7777,0.4877,0.0187,8.8854,12.3779,17.0,166,0,0,0
226,7.5333,1,1,,2974.0,1,947.0,251.0,992.0,419.0,964.0145,333.1782,0.7494,0.7782,0.4817,0.0226,9.236,12.5013,17.0,166,0,0,0
227,7.5667,1,1,,2955.0,1,946.0,253.0,992.0,421.0,963.1046,335.2657,0.732,0.7665,0.47,0.0312,9.4981,12.6545,17.0,166,0,0,0
228,7.6,1,1,,3000.0,1,946.0,253.0,992.0,423.0,962.8067,335.5463,0.7286,0.767,0.4679,0.0293,9.6427,12.8177,16.0,168,0,0,0
229,7.6333,1,1,,2983.0,1,946.0,254.0,992.0,424.0,962.1653,336.9923,0.7168,0.7661,0.4569,0.0343,9.7438,12.9499,16.0,168,0,0,0
230,7.6667,1,1,,3081.0,1,944.0,254.0,991.0,428.0,960.8384,339.5784,0.7194,0.7587,0.4632,0.0487,8.7571,13.0628,17.0,172,0,0,0
231,7.7,1,1,,3080.0,1,944.0,254.0,992.0,429.0,960.7666,340.2695,0.7101,0.7561,0.4466,0.0514,10.0566,13.3522,17.0,173,0,0,0
232,7.7333,1,1,,3138.0,1,942.0,254.0,992.0,430.0,960.3885,341.2438,0.7001,0.7447,0.4411,0.0544,10.1724,13.5736,17.0,174,0,0,0
233,7.7667,1,1,,2716.0,4,941.0,278.0,980.0,431.0,956.9286,355.1915,0.7056,0.9229,0.3697,0.129,6.6628,13.7977,17.0,151,0,0,0
234,7.8,1,1,,2479.0,1,941.0,288.0,974.0,433.0,955.547,361.4546,0.5832,0.9371,0.3355,0.1562,6.5715,13.6607,17.0,143,0,0,0
235,7.8333,1,1,,2497.0,1,941.0,287.0,974.0,434.0,955.1778,362.0709,0.6211,0.9647,0.3391,0.1504,4.9602,13.426,16.0,145,0,0,0
236,7.8667,1,1,,2787.0,4,940.0,279.0,985.0,435.0,956.0764,356.8654,0.6778,0.8252,0.3808,0.1097,6.5751,13.218,17.0,154,0,0,0
237,7.9,1,1,,2680.0,4,940.0,283.0,980.0,436.0,955.0086,360.1112,0.7429,0.9321,0.369,0.11,2.351,13.0493,17.0,151,0,0,0
238,7.9333,1,1,,2736.0,4,939.0,283.0,980.0,438.0,954.4923,361.3871,0.732,0.9032,0.3787,0.1014,2.8388,12.9606,17.0,153,0,0,0
239,7.9667,1,1,,2729.0,2,938.0,284.0,978.0,440.0,953.705,363.1118,0.7491,0.9234,0.3783,0.1007,1.5395,12.927,17.0,154,0,0,0
240,8.0,1,1,,2780.0,1,938.0,285.0,978.0,442.0,953.3198,363.9367,0.7603,0.9329,0.3817,0.0953,1.8225,13.0601,17.0,155,0,0,0
241,8.0333,1,1,,2743.0,1,938.0,287.0,976.0,443.0,952.712,365.3153,0.7944,0.9919,0.373,0.0968,0.2249,13.1922,17.0,154,0,0,0
242,8.0667,1,1,,2789.0,1,937.0,287.0,977.0,445.0,952.3349,366.0183,0.7646,0.9314,0.3838,0.0953,2.2335,13.0425,17.0,156,0,0,0
243,8.1,1,1,,2728.0,1,937.0,288.0,976.0,446.0,951.6261,367.7493,0.7714,0.9401,0.382,0.0924,2.3353,12.857,17.0,156,0,0,0
244,8.1333,1,1,,2806.0,1,936.0,288.0,977.0,447.0,951.4294,368.1875,0.7433,0.8866,0.3988,0.0859,4.1926,12.7222,17.0,157,0,0,0
245,8.1667,1,1,,2708.0,1,935.0,290.0,974.0,449.0,950.7123,370.7168,0.7729,0.9258,0.3886,0.0936,1.9163,12.6374,17.0,157,0,0,0
246,8.2,1,1,,2735.0,1,934.0,290.0,975.0,450.0,950.5978,371.1799,0.7372,0.8687,0.3982,0.091,3.8957,12.4707,17.0,158,0,0,0
247,8.2333,1,1,,2748.0,1,934.0,292.0,973.0,451.0,950.0706,372.786,0.7604,0.9082,0.4019,0.0946,2.5485,12.4091,17.0,157,0,0,0
248,8.2667,1,1,,2490.0,1,933.0,306.0,969.0,452.0,948.341,380.6667,0.7161,0.9561,0.3668,0.1317,1.4926,12.3046,16.0,144,0,0,0
249,8.3,1,1,,2832.0,1,933.0,294.0,972.0,455.0,949.0473,376.1882,0.7386,0.883,0.4182,0.1049,2.9982,12.2419,17.0,159,0,0,0
250,8.3333,1,1,,2535.0,1,932.0,309.0,969.0,456.0,947.4738,383.5992,0.698,0.9206,0.376,0.1399,2.5992,12.1364,16.0,145,0,0,0
251,8.3667,1,1,,2837.0,1,932.0,296.0,972.0,458.0,948.2235,378.6701,0.7098,0.8485,0.4194,0.1093,4.1012,12.1189,17.0,160,0,0,0
252,8.4,1,1,,2893.0,1,931.0,295.0,972.0,459.0,948.076,379.0812,0.7042,0.8342,0.4223,0.1081,4.2459,12.2052,17.0,162,0,0,0
253,8.4333,1,1,,2887.0,1,931.0,296.0,972.0,460.0,947.7423,380.0287,0.7135,0.8509,0.4115,0.1088,4.0627,12.4284,17.0,162,0,0,0
254,8.4667,1,1,,2959.0,1,930.0,296.0,972.0,462.0,947.4992,380.7327,0.7087,0.8436,0.4105,0.1092,3.7907,12.6872,17.0,164,0,0,0
255,8.5,1,1,,3009.0,1,930.0,296.0,972.0,464.0,947.1363,381.12,0.7239,0.8628,0.4043,0.1059,4.1078,13.001,18.0,166,0,0,0
256,8.5333,1,1,,3031.0,1,930.0,296.0,972.0,465.0,946.6925,382.2349,0.7469,0.8908,0.3942,0.1043,3.4759,13.3421,18.0,167,0,0,0
257,8.5667,1,1,,3024.0,1,929.0,297.0,971.0,466.0,946.1657,383.0152,0.7635,0.9165,0.3815,0.1022,2.4207,13.6684,17.0,167,0,0,0
258,8.6,1,1,,3119.0,1,929.0,296.0,972.0,468.0,946.2382,381.9936,0.7926,0.9242,0.3868,0.0744,3.2573,13.918,18.0,170,0,0,0
259,8.6333,1,1,,3164.0,1,929.0,296.0,973.0,469.0,945.9428,382.3082,0.7744,0.9059,0.3864,0.0626,4.1406,14.174,17.0,171,0,0,0
260,8.6667,1,1,,3193.0,1,927.0,296.0,973.0,472.0,945.471,383.5493,0.7913,0.8953,0.3842,0.0624,4.0468,14.4243,18.0,174,0,0,0
261,8.7,1,1,,3205.0,1,926.0,296.0,974.0,473.0,945.1835,384.1541,0.7737,0.8696,0.3796,0.0626,4.9802,14.6641,17.0,175,0,0,0
262,8.7333,1,1,,3247.0,1,926.0,296.0,974.0,475.0,944.9344,384.9507,0.7778,0.8744,0.3785,0.0652,4.9225,14.8782,17.0,177,0,0,0
263,8.7667,1,1,,3297.0,1,926.0,297.0,974.0,476.0,944.6181,385.7012,0.7785,0.8814,0.3785,0.0663,5.0905,15.055,18.0,177,0,0,0
264,8.8,1,1,,3303.0,1,925.0,297.0,974.0,477.0,944.2077,386.4384,0.7749,0.8748,0.3732,0.0681,5.1786,15.2344,17.0,178,0,0,0
265,8.8333,1,1,,3336.0,1,925.0,297.0,974.0,478.0,943.8384,387.1181,0.7748,0.8796,0.3706,0.0674,5.2818,15.4262,18.0,179,0,0,0
266,8.8667,1,1,,3349.0,1,924.0,297.0,975.0,479.0,943.4945,387.9194,0.7698,0.8586,0.3704,0.0623,6.7868,15.4504,18.0,180,0,0,0
267,8.9,1,1,,2722.0,1,924.0,327.0,962.0,481.0,939.1267,404.8012,0.642,0.9937,0.3017,0.1336,0.9752,15.392,17.0,152,0,0,0
268,8.9333,1,1,,2695.0,1,923.0,329.0,959.0,482.0,938.3551,406.7614,0.6105,0.9989,0.2992,0.1349,0.1614,15.348,17.0,151,0,0,0
269,8.9667,1,1,,2652.0,1,923.0,331.0,958.0,484.0,937.8069,408.7768,0.5955,1.0,0.2949,0.132,-0.4079,15.3365,17.0,151,0,0,0
270,9.0,1,1,,2693.0,1,923.0,332.0,958.0,485.0,937.5355,409.5499,0.6088,1.0,0.3062,0.1176,-1.4611,15.0814,17.0,151,0,0,0
271,9.0333,1,1,,2679.0,1,922.0,336.0,958.0,487.0,936.947,411.5644,0.6298,1.0,0.3104,0.1156,-0.8962,14.8888,17.0,149,0,0,0
272,9.0667,1,1,,2679.0,1,921.0,337.0,957.0,489.0,936.4001,413.4281,0.6476,1.0,0.317,0.1166,-0.1739,14.663,17.0,150,0,0,0
273,9.1,1,1,,2943.0,1,921.0,330.0,961.0,490.0,936.876,410.6211,0.7679,1.0,0.3531,0.0946,-0.5509,14.5563,18.0,158,0,0,0
274,9.1333,1,1,,2997.0,1,920.0,330.0,962.0,491.0,936.7581,410.707,0.803,0.9917,0.3613,0.0888,0.2765,14.578,18.0,159,0,0,0
275,9.1667,1,1,,2683.0,1,919.0,338.0,955.0,492.0,935.3369,416.536,0.6481,0.982,0.3233,0.1158,0.6492,14.6373,17.0,152,0,0,0
276,9.2,1,1,,2992.0,1,919.0,333.0,962.0,494.0,936.1049,412.9164,0.7874,0.9739,0.357,0.0985,1.3865,14.7838,18.0,159,0,0,0
277,9.2333,1,1,,2972.0,1,919.0,336.0,962.0,495.0,935.752,414.3183,0.7625,0.9762,0.346,0.1122,3.3708,15.0828,18.0,157,0,0,0
278,9.2667,1,1,,3065.0,1,918.0,331.0,963.0,497.0,935.7504,413.9563,0.7589,0.9289,0.3559,0.111,5.6267,15.1428,18.0,164,0,0,0
279,9.3,1,1,,3196.0,2,917.0,329.0,964.0,501.0,935.6558,414.4371,0.7278,0.8711,0.3702,0.114,9.8826,15.2028,18.0,170,0,0,0
280,9.3333,1,1,,3139.0,1,917.0,330.0,964.0,501.0,935.1029,416.3845,0.7249,0.8728,0.3627,0.1244,10.1385,15.2628,18.0,169,0,0,0
281,9.3667,1,1,,3151.0,2,917.0,329.0,964.0,501.0,935.0209,416.4234,0.7305,0.8752,0.3632,0.1253,10.3944,15.3227,18.0,170,0,0,0
282,9.4,1,1,,3196.0,2,916.0,329.0,965.0,502.0,934.7941,416.6067,0.7033,0.8365,0.3675,0.1269,11.6503,15.3827,18.0,171,0,0,0
283,9.4333,1,1,,3362.0,3,915.0,324.0,966.0,505.0,935.1306,415.1725,0.69,0.7939,0.3856,0.1202,14.9062,15.4427,18.0,179,0,0,0
284,9.4667,0,1,mask_escaped_box,3483.0,1,915.0,318.0,970.0,506.0,935.5099,413.4697,0.6637,0.7361,0.3985,0.1122,16.1621,15.5027,18.0,186,1,1,1
285,9.5,0,1,mask_escaped_box,3280.0,2,914.0,324.0,966.0,507.0,934.0192,418.0183,0.6746,0.7737,0.3744,0.1362,17.418,15.5627,18.0,181,0,0,2
286,9.5333,0,1,mask_escaped_box,3327.0,2,914.0,326.0,966.0,509.0,933.6979,418.8798,0.6623,0.7661,0.3788,0.1413,19.6739,15.6227,18.0,181,0,0,3
287,9.5667,0,0,no_track,,,,,,,,,,,,,,,,,,,
288,9.6,0,0,no_track,,,,,,,,,,,,,,,,,,,
289,9.6333,0,0,no_track,,,,,,,,,,,,,,,,,,,
290,9.6667,0,1,mask_escaped_box,3467.0,2,914.0,315.0,966.0,513.0,934.5451,413.8734,0.6946,0.7629,0.3911,0.1184,24.6975,15.8627,17.0,196,1,1,1
291,9.7,0,1,mask_escaped_box,3688.0,1,912.0,317.0,970.0,516.0,934.3254,416.651,0.6153,0.6742,0.415,0.1328,27.9534,15.9227,18.0,197,0,0,2
292,9.7333,0,1,mask_escaped_box,3686.0,1,911.0,318.0,969.0,518.0,933.78,418.3717,0.608,0.6684,0.4138,0.1423,30.2093,15.9827,18.0,198,0,0,3
293,9.7667,0,0,no_track,,,,,,,,,,,,,,,,,,,
294,9.8,0,0,no_track,,,,,,,,,,,,,,,,,,,
295,9.8333,0,0,no_track,,,,,,,,,,,,,,,,,,,
296,9.8667,1,1,,2845.0,2,910.0,357.0,951.0,524.0,926.7708,443.3427,0.7865,0.8879,0.4086,0.068,4.3242,12.7414,17.0,165,1,1,0
297,9.9,0,1,mask_escaped_box,3360.0,1,909.0,341.0,961.0,524.0,929.3012,433.7208,0.6597,0.6744,0.5068,0.0127,16.4574,12.2742,18.0,181,0,0,1
298,9.9333,0,1,mask_escaped_box,3408.0,1,909.0,341.0,960.0,526.0,928.9519,434.8204,0.6498,0.6589,0.5368,0.0172,16.9385,11.8836,18.0,183,0,0,2
299,9.9667,0,1,mask_escaped_box,3430.0,1,909.0,341.0,960.0,527.0,928.5061,435.7921,0.6345,0.6402,0.5569,0.0162,17.8281,11.6077,18.0,184,0,0,3
300,10.0,0,0,no_track,,,,,,,,,,,,,,,,,,,
301,10.0333,0,0,no_track,,,,,,,,,,,,,,,,,,,
302,10.0667,0,0,no_track,,,,,,,,,,,,,,,,,,,
303,10.1,0,0,no_track,,,,,,,,,,,,,,,,,,,
304,10.1333,0,0,no_track,,,,,,,,,,,,,,,,,,,
305,10.1667,0,0,no_track,,,,,,,,,,,,,,,,,,,
306,10.2,0,0,no_track,,,,,,,,,,,,,,,,,,,
307,10.2333,0,0,no_track,,,,,,,,,,,,,,,,,,,
308,10.2667,0,0,no_track,,,,,,,,,,,,,,,,,,,
309,10.3,0,0,no_track,,,,,,,,,,,,,,,,,,,
310,10.3333,0,0,no_track,,,,,,,,,,,,,,,,,,,
311,10.3667,0,0,no_track,,,,,,,,,,,,,,,,,,,
312,10.4,0,0,no_track,,,,,,,,,,,,,,,,,,,
313,10.4333,0,0,no_track,,,,,,,,,,,,,,,,,,,
314,10.4667,0,0,no_track,,,,,,,,,,,,,,,,,,,
315,10.5,0,0,no_track,,,,,,,,,,,,,,,,,,,
316,10.5333,0,0,no_track,,,,,,,,,,,,,,,,,,,
317,10.5667,0,0,no_track,,,,,,,,,,,,,,,,,,,
318,10.6,0,0,no_track,,,,,,,,,,,,,,,,,,,
319,10.6333,0,0,no_track,,,,,,,,,,,,,,,,,,,
320,10.6667,0,0,no_track,,,,,,,,,,,,,,,,,,,
321,10.7,0,0,no_track,,,,,,,,,,,,,,,,,,,
322,10.7333,0,0,no_track,,,,,,,,,,,,,,,,,,,
323,10.7667,0,0,no_track,,,,,,,,,,,,,,,,,,,
324,10.8,0,0,no_track,,,,,,,,,,,,,,,,,,,
325,10.8333,0,0,no_track,,,,,,,,,,,,,,,,,,,
326,10.8667,0,0,no_track,,,,,,,,,,,,,,,,,,,
327,10.9,0,0,no_track,,,,,,,,,,,,,,,,,,,
328,10.9333,0,0,no_track,,,,,,,,,,,,,,,,,,,
329,10.9667,0,0,no_track,,,,,,,,,,,,,,,,,,,
330,11.0,0,0,no_track,,,,,,,,,,,,,,,,,,,
331,11.0333,0,0,no_track,,,,,,,,,,,,,,,,,,,
332,11.0667,0,0,no_track,,,,,,,,,,,,,,,,,,,
333,11.1,0,0,no_track,,,,,,,,,,,,,,,,,,,
334,11.1333,0,0,no_track,,,,,,,,,,,,,,,,,,,
335,11.1667,0,0,no_track,,,,,,,,,,,,,,,,,,,
336,11.2,0,0,no_track,,,,,,,,,,,,,,,,,,,
337,11.2333,0,0,no_track,,,,,,,,,,,,,,,,,,,
338,11.2667,0,0,no_track,,,,,,,,,,,,,,,,,,,
339,11.3,0,0,no_track,,,,,,,,,,,,,,,,,,,
340,11.3333,0,0,no_track,,,,,,,,,,,,,,,,,,,
341,11.3667,0,0,no_track,,,,,,,,,,,,,,,,,,,
342,11.4,0,0,no_track,,,,,,,,,,,,,,,,,,,
343,11.4333,0,0,no_track,,,,,,,,,,,,,,,,,,,
344,11.4667,0,0,no_track,,,,,,,,,,,,,,,,,,,
345,11.5,0,0,no_track,,,,,,,,,,,,,,,,,,,
346,11.5333,0,0,no_track,,,,,,,,,,,,,,,,,,,
347,11.5667,0,0,no_track,,,,,,,,,,,,,,,,,,,
348,11.6,0,0,no_track,,,,,,,,,,,,,,,,,,,
349,11.6333,0,0,no_track,,,,,,,,,,,,,,,,,,,
350,11.6667,0,0,no_track,,,,,,,,,,,,,,,,,,,
351,11.7,0,0,no_track,,,,,,,,,,,,,,,,,,,
352,11.7333,0,0,no_track,,,,,,,,,,,,,,,,,,,
353,11.7667,0,0,no_track,,,,,,,,,,,,,,,,,,,
354,11.8,0,0,no_track,,,,,,,,,,,,,,,,,,,
355,11.8333,0,0,no_track,,,,,,,,,,,,,,,,,,,
356,11.8667,0,0,no_track,,,,,,,,,,,,,,,,,,,
357,11.9,0,0,no_track,,,,,,,,,,,,,,,,,,,
358,11.9333,0,0,no_track,,,,,,,,,,,,,,,,,,,
359,11.9667,0,0,no_track,,,,,,,,,,,,,,,,,,,
360,12.0,0,0,no_track,,,,,,,,,,,,,,,,,,,
361,12.0333,0,0,no_track,,,,,,,,,,,,,,,,,,,
362,12.0667,0,0,no_track,,,,,,,,,,,,,,,,,,,
363,12.1,0,0,no_track,,,,,,,,,,,,,,,,,,,
364,12.1333,0,0,no_track,,,,,,,,,,,,,,,,,,,
365,12.1667,0,0,no_track,,,,,,,,,,,,,,,,,,,
366,12.2,0,0,no_track,,,,,,,,,,,,,,,,,,,
367,12.2333,0,0,no_track,,,,,,,,,,,,,,,,,,,
368,12.2667,0,0,no_track,,,,,,,,,,,,,,,,,,,
369,12.3,0,0,no_track,,,,,,,,,,,,,,,,,,,
370,12.3333,0,0,no_track,,,,,,,,,,,,,,,,,,,
371,12.3667,0,0,no_track,,,,,,,,,,,,,,,,,,,
372,12.4,0,0,no_track,,,,,,,,,,,,,,,,,,,
373,12.4333,0,0,no_track,,,,,,,,,,,,,,,,,,,
374,12.4667,0,0,no_track,,,,,,,,,,,,,,,,,,,
375,12.5,0,0,no_track,,,,,,,,,,,,,,,,,,,
376,12.5333,0,0,no_track,,,,,,,,,,,,,,,,,,,
377,12.5667,0,0,no_track,,,,,,,,,,,,,,,,,,,
378,12.6,0,0,no_track,,,,,,,,,,,,,,,,,,,
379,12.6333,0,0,no_track,,,,,,,,,,,,,,,,,,,
380,12.6667,0,0,no_track,,,,,,,,,,,,,,,,,,,
381,12.7,0,0,no_track,,,,,,,,,,,,,,,,,,,
382,12.7333,0,0,no_track,,,,,,,,,,,,,,,,,,,
383,12.7667,0,0,no_track,,,,,,,,,,,,,,,,,,,
384,12.8,0,0,no_track,,,,,,,,,,,,,,,,,,,
385,12.8333,0,0,no_track,,,,,,,,,,,,,,,,,,,
386,12.8667,0,0,no_track,,,,,,,,,,,,,,,,,,,
387,12.9,0,0,no_track,,,,,,,,,,,,,,,,,,,
388,12.9333,0,0,no_track,,,,,,,,,,,,,,,,,,,
389,12.9667,0,0,no_track,,,,,,,,,,,,,,,,,,,
390,13.0,0,0,no_track,,,,,,,,,,,,,,,,,,,
391,13.0333,0,0,no_track,,,,,,,,,,,,,,,,,,,
392,13.0667,0,0,no_track,,,,,,,,,,,,,,,,,,,
393,13.1,0,0,no_track,,,,,,,,,,,,,,,,,,,
394,13.1333,0,0,no_track,,,,,,,,,,,,,,,,,,,
395,13.1667,0,0,no_track,,,,,,,,,,,,,,,,,,,
396,13.2,0,0,no_track,,,,,,,,,,,,,,,,,,,
397,13.2333,0,0,no_track,,,,,,,,,,,,,,,,,,,
398,13.2667,0,0,no_track,,,,,,,,,,,,,,,,,,,
399,13.3,0,0,no_track,,,,,,,,,,,,,,,,,,,
400,13.3333,1,1,,3143.0,2,890.0,486.0,926.0,651.0,903.6475,565.7735,0.6406,0.7335,0.6024,0.0727,8.599,9.83,18.0,163,1,0,0
401,13.3667,0,1,mask_escaped_box,3179.0,1,891.0,486.0,928.0,650.0,904.1293,563.9638,0.6033,0.7031,0.6033,0.0583,10.4344,9.8475,18.0,162,0,0,1
402,13.4,0,1,mask_escaped_box,3210.0,1,891.0,488.0,928.0,651.0,904.1259,564.8153,0.6046,0.7124,0.5975,0.0617,10.046,9.9632,18.0,161,0,0,2
403,13.4333,1,1,,3218.0,1,891.0,488.0,928.0,651.0,904.1206,565.4956,0.6122,0.724,0.5885,0.0631,9.7808,10.0681,18.0,161,0,0,0
404,13.4667,0,1,mask_escaped_box,3250.0,1,891.0,488.0,929.0,652.0,904.208,565.5169,0.6124,0.7171,0.5871,0.0503,10.5991,10.1671,18.0,162,1,1,1
405,13.5,0,1,mask_escaped_box,3303.0,1,891.0,488.0,930.0,653.0,904.3603,565.7917,0.6119,0.7104,0.589,0.0418,11.2912,10.3028,18.0,163,0,0,2
406,13.5333,0,1,mask_escaped_box,3335.0,1,891.0,488.0,930.0,654.0,904.3874,566.6021,0.6198,0.7179,0.5879,0.0364,11.0027,10.4389,18.0,164,0,0,3
407,13.5667,0,0,no_track,,,,,,,,,,,,,,,,,,,
408,13.6,0,0,no_track,,,,,,,,,,,,,,,,,,,
409,13.6333,0,0,no_track,,,,,,,,,,,,,,,,,,,
410,13.6667,0,1,mask_escaped_box,3431.0,2,890.0,489.0,932.0,666.0,903.8892,572.68,0.5956,0.6544,0.6128,0.032,13.5022,10.5297,18.0,175,1,1,1
411,13.7,0,1,mask_escaped_box,3408.0,1,890.0,491.0,932.0,661.0,904.4293,570.6546,0.5977,0.6628,0.6185,0.0204,13.9314,10.4172,18.0,168,0,0,2
412,13.7333,0,1,mask_escaped_box,3405.0,1,891.0,492.0,933.0,662.0,904.5301,571.0461,0.548,0.6208,0.6326,0.0198,15.6013,10.225,18.0,168,0,0,3
413,13.7667,0,0,no_track,,,,,,,,,,,,,,,,,,,
414,13.8,0,0,no_track,,,,,,,,,,,,,,,,,,,
415,13.8333,0,0,no_track,,,,,,,,,,,,,,,,,,,
416,13.8667,1,1,,3089.0,2,890.0,493.0,924.0,667.0,902.214,579.9751,0.6523,0.7345,0.6067,0.0553,8.1735,9.7369,17.0,172,1,1,0
417,13.9,0,1,mask_escaped_box,3462.0,1,890.0,494.0,934.0,666.0,904.7811,573.5604,0.5135,0.5655,0.686,0.0228,18.5708,9.6432,17.0,170,1,1,1
418,13.9333,0,1,mask_escaped_box,3435.0,1,890.0,494.0,934.0,667.0,904.8565,574.1019,0.509,0.5596,0.6848,0.0213,18.9225,9.5767,17.0,171,0,0,2
419,13.9667,0,1,mask_escaped_box,3472.0,1,889.0,495.0,934.0,668.0,904.7713,575.0173,0.5242,0.5646,0.695,0.0206,19.2146,9.531,18.0,171,0,0,3
420,14.0,0,0,no_track,,,,,,,,,,,,,,,,,,,
421,14.0333,0,0,no_track,,,,,,,,,,,,,,,,,,,
422,14.0667,0,0,no_track,,,,,,,,,,,,,,,,,,,
423,14.1,0,1,mask_escaped_box,2969.0,3,889.0,509.0,924.0,676.0,900.9599,593.2789,0.6269,0.7068,0.6089,0.0689,9.6552,9.3304,17.0,165,1,1,1
424,14.1333,0,1,mask_escaped_box,3450.0,1,889.0,501.0,935.0,674.0,904.5922,581.4719,0.5127,0.5458,0.7102,0.0194,20.6831,9.3057,18.0,171,0,0,2
425,14.1667,0,1,mask_escaped_box,3455.0,1,889.0,501.0,936.0,675.0,904.8185,581.5508,0.5003,0.5329,0.7064,0.0206,21.5818,9.3632,18.0,172,0,0,3
426,14.2,0,0,no_track,,,,,,,,,,,,,,,,,,,
427,14.2333,0,0,no_track,,,,,,,,,,,,,,,,,,,
428,14.2667,0,0,no_track,,,,,,,,,,,,,,,,,,,
429,14.3,1,1,,2924.0,3,888.0,518.0,924.0,683.0,900.6289,598.2599,0.6486,0.7527,0.5391,0.0747,7.8615,10.2506,16.0,163,1,1,0
430,14.3333,0,1,mask_escaped_box,3560.0,1,888.0,503.0,938.0,681.0,904.8725,584.7997,0.522,0.5558,0.6444,0.0183,21.7271,10.3956,17.0,176,0,0,1
431,14.3667,0,1,mask_escaped_box,3572.0,1,888.0,503.0,938.0,682.0,904.8992,585.5448,0.5213,0.5571,0.6378,0.0193,21.726,10.4998,17.0,177,0,0,2
432,14.4,0,1,mask_escaped_box,3614.0,1,888.0,504.0,939.0,683.0,905.1096,585.2966,0.5085,0.5459,0.639,0.0221,22.7457,10.5646,17.0,177,0,0,3
433,14.4333,0,0,no_track,,,,,,,,,,,,,,,,,,,
434,14.4667,0,0,no_track,,,,,,,,,,,,,,,,,,,
435,14.5,0,0,no_track,,,,,,,,,,,,,,,,,,,
436,14.5333,0,0,no_track,,,,,,,,,,,,,,,,,,,
437,14.5667,0,0,no_track,,,,,,,,,,,,,,,,,,,
438,14.6,0,0,no_track,,,,,,,,,,,,,,,,,,,
439,14.6333,0,0,no_track,,,,,,,,,,,,,,,,,,,
440,14.6667,0,0,no_track,,,,,,,,,,,,,,,,,,,
441,14.7,0,0,no_track,,,,,,,,,,,,,,,,,,,
442,14.7333,0,0,no_track,,,,,,,,,,,,,,,,,,,
443,14.7667,0,0,no_track,,,,,,,,,,,,,,,,,,,
444,14.8,0,0,no_track,,,,,,,,,,,,,,,,,,,
445,14.8333,0,0,no_track,,,,,,,,,,,,,,,,,,,
446,14.8667,0,0,no_track,,,,,,,,,,,,,,,,,,,
447,14.9,0,0,no_track,,,,,,,,,,,,,,,,,,,
448,14.9333,0,0,no_track,,,,,,,,,,,,,,,,,,,
449,14.9667,0,0,no_track,,,,,,,,,,,,,,,,,,,
450,15.0,0,0,no_track,,,,,,,,,,,,,,,,,,,
451,15.0333,0,0,no_track,,,,,,,,,,,,,,,,,,,
452,15.0667,0,0,no_track,,,,,,,,,,,,,,,,,,,
453,15.1,0,0,no_track,,,,,,,,,,,,,,,,,,,
454,15.1333,0,0,no_track,,,,,,,,,,,,,,,,,,,
455,15.1667,0,0,no_track,,,,,,,,,,,,,,,,,,,
456,15.2,0,0,no_track,,,,,,,,,,,,,,,,,,,
457,15.2333,0,0,no_track,,,,,,,,,,,,,,,,,,,
458,15.2667,0,0,no_track,,,,,,,,,,,,,,,,,,,
459,15.3,0,0,no_track,,,,,,,,,,,,,,,,,,,
460,15.3333,0,0,no_track,,,,,,,,,,,,,,,,,,,
461,15.3667,0,0,no_track,,,,,,,,,,,,,,,,,,,
462,15.4,0,0,no_track,,,,,,,,,,,,,,,,,,,
463,15.4333,0,0,no_track,,,,,,,,,,,,,,,,,,,
464,15.4667,0,0,no_track,,,,,,,,,,,,,,,,,,,
465,15.5,0,0,no_track,,,,,,,,,,,,,,,,,,,
466,15.5333,0,0,no_track,,,,,,,,,,,,,,,,,,,
467,15.5667,0,0,no_track,,,,,,,,,,,,,,,,,,,
468,15.6,0,0,no_track,,,,,,,,,,,,,,,,,,,
469,15.6333,0,0,no_track,,,,,,,,,,,,,,,,,,,
470,15.6667,0,0,no_track,,,,,,,,,,,,,,,,,,,
471,15.7,0,0,no_track,,,,,,,,,,,,,,,,,,,
472,15.7333,0,0,no_track,,,,,,,,,,,,,,,,,,,
473,15.7667,0,0,no_track,,,,,,,,,,,,,,,,,,,
474,15.8,0,0,no_track,,,,,,,,,,,,,,,,,,,
475,15.8333,0,0,no_track,,,,,,,,,,,,,,,,,,,
476,15.8667,0,0,no_track,,,,,,,,,,,,,,,,,,,
477,15.9,0,0,no_track,,,,,,,,,,,,,,,,,,,
478,15.9333,0,0,no_track,,,,,,,,,,,,,,,,,,,
479,15.9667,0,0,no_track,,,,,,,,,,,,,,,,,,,
480,16.0,0,0,no_track,,,,,,,,,,,,,,,,,,,
481,16.0333,0,0,no_track,,,,,,,,,,,,,,,,,,,
482,16.0667,0,0,no_track,,,,,,,,,,,,,,,,,,,
483,16.1,0,0,no_track,,,,,,,,,,,,,,,,,,,
484,16.1333,0,0,no_track,,,,,,,,,,,,,,,,,,,
485,16.1667,0,0,no_track,,,,,,,,,,,,,,,,,,,
486,16.2,0,0,no_track,,,,,,,,,,,,,,,,,,,
487,16.2333,0,0,no_track,,,,,,,,,,,,,,,,,,,
488,16.2667,0,0,no_track,,,,,,,,,,,,,,,,,,,
489,16.3,0,0,no_track,,,,,,,,,,,,,,,,,,,
490,16.3333,0,0,no_track,,,,,,,,,,,,,,,,,,,
491,16.3667,0,0,no_track,,,,,,,,,,,,,,,,,,,
492,16.4,0,0,no_track,,,,,,,,,,,,,,,,,,,
493,16.4333,0,0,no_track,,,,,,,,,,,,,,,,,,,
494,16.4667,0,0,no_track,,,,,,,,,,,,,,,,,,,
495,16.5,0,0,no_track,,,,,,,,,,,,,,,,,,,
496,16.5333,0,0,no_track,,,,,,,,,,,,,,,,,,,
497,16.5667,0,0,no_track,,,,,,,,,,,,,,,,,,,
498,16.6,0,0,no_track,,,,,,,,,,,,,,,,,,,
499,16.6333,0,0,no_track,,,,,,,,,,,,,,,,,,,
500,16.6667,0,0,no_track,,,,,,,,,,,,,,,,,,,
501,16.7,0,0,no_track,,,,,,,,,,,,,,,,,,,
502,16.7333,0,0,no_track,,,,,,,,,,,,,,,,,,,
503,16.7667,0,0,no_track,,,,,,,,,,,,,,,,,,,
504,16.8,0,0,no_track,,,,,,,,,,,,,,,,,,,
505,16.8333,0,0,no_track,,,,,,,,,,,,,,,,,,,
506,16.8667,0,0,no_track,,,,,,,,,,,,,,,,,,,
507,16.9,0,0,no_track,,,,,,,,,,,,,,,,,,,
508,16.9333,0,0,no_track,,,,,,,,,,,,,,,,,,,
509,16.9667,0,0,no_track,,,,,,,,,,,,,,,,,,,
510,17.0,0,0,no_track,,,,,,,,,,,,,,,,,,,
511,17.0333,0,0,no_track,,,,,,,,,,,,,,,,,,,
512,17.0667,0,0,no_track,,,,,,,,,,,,,,,,,,,
513,17.1,0,0,no_track,,,,,,,,,,,,,,,,,,,
514,17.1333,0,0,no_track,,,,,,,,,,,,,,,,,,,
515,17.1667,0,0,no_track,,,,,,,,,,,,,,,,,,,
516,17.2,0,0,no_track,,,,,,,,,,,,,,,,,,,
517,17.2333,0,0,no_track,,,,,,,,,,,,,,,,,,,
518,17.2667,0,0,no_track,,,,,,,,,,,,,,,,,,,
519,17.3,0,0,no_track,,,,,,,,,,,,,,,,,,,
520,17.3333,0,0,no_track,,,,,,,,,,,,,,,,,,,
521,17.3667,0,0,no_track,,,,,,,,,,,,,,,,,,,
522,17.4,0,0,no_track,,,,,,,,,,,,,,,,,,,
523,17.4333,0,0,no_track,,,,,,,,,,,,,,,,,,,
524,17.4667,0,0,no_track,,,,,,,,,,,,,,,,,,,
525,17.5,0,0,no_track,,,,,,,,,,,,,,,,,,,
526,17.5333,0,0,no_track,,,,,,,,,,,,,,,,,,,
527,17.5667,0,0,no_track,,,,,,,,,,,,,,,,,,,
528,17.6,0,0,no_track,,,,,,,,,,,,,,,,,,,
529,17.6333,0,0,no_track,,,,,,,,,,,,,,,,,,,
530,17.6667,0,0,no_track,,,,,,,,,,,,,,,,,,,
531,17.7,0,0,no_track,,,,,,,,,,,,,,,,,,,
532,17.7333,0,0,no_track,,,,,,,,,,,,,,,,,,,
533,17.7667,0,0,no_track,,,,,,,,,,,,,,,,,,,
534,17.8,0,0,no_track,,,,,,,,,,,,,,,,,,,
535,17.8333,0,0,no_track,,,,,,,,,,,,,,,,,,,
536,17.8667,0,0,no_track,,,,,,,,,,,,,,,,,,,
537,17.9,0,0,no_track,,,,,,,,,,,,,,,,,,,
538,17.9333,0,0,no_track,,,,,,,,,,,,,,,,,,,
539,17.9667,0,0,no_track,,,,,,,,,,,,,,,,,,,
540,18.0,0,0,no_track,,,,,,,,,,,,,,,,,,,
541,18.0333,0,0,no_track,,,,,,,,,,,,,,,,,,,
542,18.0667,0,0,no_track,,,,,,,,,,,,,,,,,,,
543,18.1,0,0,no_track,,,,,,,,,,,,,,,,,,,
544,18.1333,0,0,no_track,,,,,,,,,,,,,,,,,,,
545,18.1667,0,0,no_track,,,,,,,,,,,,,,,,,,,
546,18.2,0,0,no_track,,,,,,,,,,,,,,,,,,,
547,18.2333,0,0,no_track,,,,,,,,,,,,,,,,,,,
548,18.2667,0,0,no_track,,,,,,,,,,,,,,,,,,,
549,18.3,0,0,no_track,,,,,,,,,,,,,,,,,,,
550,18.3333,0,0,no_track,,,,,,,,,,,,,,,,,,,
551,18.3667,0,0,no_track,,,,,,,,,,,,,,,,,,,
552,18.4,0,0,no_track,,,,,,,,,,,,,,,,,,,
553,18.4333,0,0,no_track,,,,,,,,,,,,,,,,,,,
554,18.4667,0,0,no_track,,,,,,,,,,,,,,,,,,,
555,18.5,0,0,no_track,,,,,,,,,,,,,,,,,,,
556,18.5333,0,0,no_track,,,,,,,,,,,,,,,,,,,
557,18.5667,0,0,no_track,,,,,,,,,,,,,,,,,,,
558,18.6,0,0,no_track,,,,,,,,,,,,,,,,,,,
559,18.6333,0,0,no_track,,,,,,,,,,,,,,,,,,,
560,18.6667,0,0,no_track,,,,,,,,,,,,,,,,,,,
561,18.7,0,0,no_track,,,,,,,,,,,,,,,,,,,
562,18.7333,0,0,no_track,,,,,,,,,,,,,,,,,,,
563,18.7667,0,0,no_track,,,,,,,,,,,,,,,,,,,
564,18.8,0,0,no_track,,,,,,,,,,,,,,,,,,,
565,18.8333,0,0,no_track,,,,,,,,,,,,,,,,,,,
566,18.8667,0,0,no_track,,,,,,,,,,,,,,,,,,,
567,18.9,0,0,no_track,,,,,,,,,,,,,,,,,,,
568,18.9333,0,0,no_track,,,,,,,,,,,,,,,,,,,
569,18.9667,0,0,no_track,,,,,,,,,,,,,,,,,,,
570,19.0,0,0,no_track,,,,,,,,,,,,,,,,,,,
571,19.0333,0,0,no_track,,,,,,,,,,,,,,,,,,,
572,19.0667,0,0,no_track,,,,,,,,,,,,,,,,,,,
573,19.1,0,0,no_track,,,,,,,,,,,,,,,,,,,
574,19.1333,0,0,no_track,,,,,,,,,,,,,,,,,,,
575,19.1667,0,0,no_track,,,,,,,,,,,,,,,,,,,
576,19.2,0,0,no_track,,,,,,,,,,,,,,,,,,,
577,19.2333,0,0,no_track,,,,,,,,,,,,,,,,,,,
578,19.2667,0,0,no_track,,,,,,,,,,,,,,,,,,,
579,19.3,0,0,no_track,,,,,,,,,,,,,,,,,,,
580,19.3333,0,0,no_track,,,,,,,,,,,,,,,,,,,
581,19.3667,0,0,no_track,,,,,,,,,,,,,,,,,,,
582,19.4,0,0,no_track,,,,,,,,,,,,,,,,,,,
583,19.4333,0,0,no_track,,,,,,,,,,,,,,,,,,,
584,19.4667,0,0,no_track,,,,,,,,,,,,,,,,,,,
585,19.5,0,0,no_track,,,,,,,,,,,,,,,,,,,
586,19.5333,0,0,no_track,,,,,,,,,,,,,,,,,,,
587,19.5667,0,0,no_track,,,,,,,,,,,,,,,,,,,
588,19.6,0,0,no_track,,,,,,,,,,,,,,,,,,,
589,19.6333,0,0,no_track,,,,,,,,,,,,,,,,,,,
590,19.6667,0,0,no_track,,,,,,,,,,,,,,,,,,,
591,19.7,0,0,no_track,,,,,,,,,,,,,,,,,,,
592,19.7333,0,0,no_track,,,,,,,,,,,,,,,,,,,
593,19.7667,0,0,no_track,,,,,,,,,,,,,,,,,,,
594,19.8,0,0,no_track,,,,,,,,,,,,,,,,,,,
595,19.8333,0,0,no_track,,,,,,,,,,,,,,,,,,,
596,19.8667,0,0,no_track,,,,,,,,,,,,,,,,,,,
597,19.9,0,0,no_track,,,,,,,,,,,,,,,,,,,
598,19.9333,0,0,no_track,,,,,,,,,,,,,,,,,,,
599,19.9667,0,0,no_track,,,,,,,,,,,,,,,,,,,
600,20.0,0,0,no_track,,,,,,,,,,,,,,,,,,,
601,20.0333,0,0,no_track,,,,,,,,,,,,,,,,,,,
602,20.0667,0,0,no_track,,,,,,,,,,,,,,,,,,,
603,20.1,0,0,no_track,,,,,,,,,,,,,,,,,,,
604,20.1333,0,0,no_track,,,,,,,,,,,,,,,,,,,
605,20.1667,0,0,no_track,,,,,,,,,,,,,,,,,,,
606,20.2,0,0,no_track,,,,,,,,,,,,,,,,,,,
607,20.2333,0,0,no_track,,,,,,,,,,,,,,,,,,,
608,20.2667,0,0,no_track,,,,,,,,,,,,,,,,,,,
609,20.3,0,0,no_track,,,,,,,,,,,,,,,,,,,
610,20.3333,0,0,no_track,,,,,,,,,,,,,,,,,,,
611,20.3667,0,0,no_track,,,,,,,,,,,,,,,,,,,
612,20.4,0,0,no_track,,,,,,,,,,,,,,,,,,,
613,20.4333,0,0,no_track,,,,,,,,,,,,,,,,,,,
614,20.4667,0,0,no_track,,,,,,,,,,,,,,,,,,,
615,20.5,0,0,no_track,,,,,,,,,,,,,,,,,,,
616,20.5333,0,0,no_track,,,,,,,,,,,,,,,,,,,
617,20.5667,0,0,no_track,,,,,,,,,,,,,,,,,,,
618,20.6,0,0,no_track,,,,,,,,,,,,,,,,,,,
619,20.6333,0,0,no_track,,,,,,,,,,,,,,,,,,,
620,20.6667,0,0,no_track,,,,,,,,,,,,,,,,,,,
621,20.7,0,0,no_track,,,,,,,,,,,,,,,,,,,
622,20.7333,0,0,no_track,,,,,,,,,,,,,,,,,,,
623,20.7667,0,0,no_track,,,,,,,,,,,,,,,,,,,
624,20.8,0,0,no_track,,,,,,,,,,,,,,,,,,,
625,20.8333,0,0,no_track,,,,,,,,,,,,,,,,,,,
626,20.8667,0,0,no_track,,,,,,,,,,,,,,,,,,,
627,20.9,0,0,no_track,,,,,,,,,,,,,,,,,,,
628,20.9333,0,0,no_track,,,,,,,,,,,,,,,,,,,
629,20.9667,0,0,no_track,,,,,,,,,,,,,,,,,,,
630,21.0,0,0,no_track,,,,,,,,,,,,,,,,,,,
631,21.0333,0,0,no_track,,,,,,,,,,,,,,,,,,,
632,21.0667,0,0,no_track,,,,,,,,,,,,,,,,,,,
633,21.1,0,0,no_track,,,,,,,,,,,,,,,,,,,
634,21.1333,0,0,no_track,,,,,,,,,,,,,,,,,,,
635,21.1667,0,0,no_track,,,,,,,,,,,,,,,,,,,
636,21.2,0,0,no_track,,,,,,,,,,,,,,,,,,,
637,21.2333,0,0,no_track,,,,,,,,,,,,,,,,,,,
638,21.2667,0,0,no_track,,,,,,,,,,,,,,,,,,,
639,21.3,0,0,no_track,,,,,,,,,,,,,,,,,,,
640,21.3333,0,0,no_track,,,,,,,,,,,,,,,,,,,
641,21.3667,0,0,no_track,,,,,,,,,,,,,,,,,,,
642,21.4,0,0,no_track,,,,,,,,,,,,,,,,,,,
643,21.4333,0,0,no_track,,,,,,,,,,,,,,,,,,,
644,21.4667,0,0,no_track,,,,,,,,,,,,,,,,,,,
645,21.5,0,0,no_track,,,,,,,,,,,,,,,,,,,
646,21.5333,0,0,no_track,,,,,,,,,,,,,,,,,,,
647,21.5667,0,0,no_track,,,,,,,,,,,,,,,,,,,
648,21.6,0,0,no_track,,,,,,,,,,,,,,,,,,,
649,21.6333,0,0,no_track,,,,,,,,,,,,,,,,,,,
650,21.6667,0,0,no_track,,,,,,,,,,,,,,,,,,,
651,21.7,0,0,no_track,,,,,,,,,,,,,,,,,,,
652,21.7333,0,0,no_track,,,,,,,,,,,,,,,,,,,
653,21.7667,0,0,no_track,,,,,,,,,,,,,,,,,,,
654,21.8,0,0,no_track,,,,,,,,,,,,,,,,,,,
655,21.8333,0,0,no_track,,,,,,,,,,,,,,,,,,,
656,21.8667,0,0,no_track,,,,,,,,,,,,,,,,,,,
657,21.9,0,0,no_track,,,,,,,,,,,,,,,,,,,
658,21.9333,0,0,no_track,,,,,,,,,,,,,,,,,,,
659,21.9667,0,0,no_track,,,,,,,,,,,,,,,,,,,
660,22.0,0,0,no_track,,,,,,,,,,,,,,,,,,,
661,22.0333,0,0,no_track,,,,,,,,,,,,,,,,,,,
662,22.0667,0,0,no_track,,,,,,,,,,,,,,,,,,,
663,22.1,0,0,no_track,,,,,,,,,,,,,,,,,,,
664,22.1333,0,0,no_track,,,,,,,,,,,,,,,,,,,
665,22.1667,0,0,no_track,,,,,,,,,,,,,,,,,,,
666,22.2,0,0,no_track,,,,,,,,,,,,,,,,,,,
667,22.2333,0,0,no_track,,,,,,,,,,,,,,,,,,,
668,22.2667,0,0,no_track,,,,,,,,,,,,,,,,,,,
669,22.3,0,0,no_track,,,,,,,,,,,,,,,,,,,
670,22.3333,0,0,no_track,,,,,,,,,,,,,,,,,,,
671,22.3667,0,0,no_track,,,,,,,,,,,,,,,,,,,
672,22.4,0,0,no_track,,,,,,,,,,,,,,,,,,,
673,22.4333,0,0,no_track,,,,,,,,,,,,,,,,,,,
674,22.4667,0,0,no_track,,,,,,,,,,,,,,,,,,,
675,22.5,0,0,no_track,,,,,,,,,,,,,,,,,,,
676,22.5333,0,0,no_track,,,,,,,,,,,,,,,,,,,
677,22.5667,0,0,no_track,,,,,,,,,,,,,,,,,,,
678,22.6,0,0,no_track,,,,,,,,,,,,,,,,,,,
679,22.6333,0,0,no_track,,,,,,,,,,,,,,,,,,,
680,22.6667,0,0,no_track,,,,,,,,,,,,,,,,,,,
681,22.7,0,0,no_track,,,,,,,,,,,,,,,,,,,
682,22.7333,0,0,no_track,,,,,,,,,,,,,,,,,,,
683,22.7667,0,0,no_track,,,,,,,,,,,,,,,,,,,
684,22.8,0,0,no_track,,,,,,,,,,,,,,,,,,,
685,22.8333,0,0,no_track,,,,,,,,,,,,,,,,,,,
686,22.8667,0,0,no_track,,,,,,,,,,,,,,,,,,,
687,22.9,0,0,no_track,,,,,,,,,,,,,,,,,,,
688,22.9333,0,0,no_track,,,,,,,,,,,,,,,,,,,
689,22.9667,0,0,no_track,,,,,,,,,,,,,,,,,,,
690,23.0,0,0,no_track,,,,,,,,,,,,,,,,,,,
691,23.0333,0,0,no_track,,,,,,,,,,,,,,,,,,,
692,23.0667,0,0,no_track,,,,,,,,,,,,,,,,,,,
693,23.1,0,0,no_track,,,,,,,,,,,,,,,,,,,
694,23.1333,0,0,no_track,,,,,,,,,,,,,,,,,,,
695,23.1667,0,0,no_track,,,,,,,,,,,,,,,,,,,
696,23.2,0,0,no_track,,,,,,,,,,,,,,,,,,,
697,23.2333,0,0,no_track,,,,,,,,,,,,,,,,,,,
698,23.2667,0,0,no_track,,,,,,,,,,,,,,,,,,,
699,23.3,0,0,no_track,,,,,,,,,,,,,,,,,,,
700,23.3333,0,0,no_track,,,,,,,,,,,,,,,,,,,
701,23.3667,0,0,no_track,,,,,,,,,,,,,,,,,,,
702,23.4,0,0,no_track,,,,,,,,,,,,,,,,,,,
703,23.4333,0,0,no_track,,,,,,,,,,,,,,,,,,,
704,23.4667,0,0,no_track,,,,,,,,,,,,,,,,,,,
705,23.5,0,0,no_track,,,,,,,,,,,,,,,,,,,
706,23.5333,0,0,no_track,,,,,,,,,,,,,,,,,,,
707,23.5667,0,0,no_track,,,,,,,,,,,,,,,,,,,
708,23.6,0,0,no_track,,,,,,,,,,,,,,,,,,,
709,23.6333,0,0,no_track,,,,,,,,,,,,,,,,,,,
710,23.6667,0,0,no_track,,,,,,,,,,,,,,,,,,,
711,23.7,0,0,no_track,,,,,,,,,,,,,,,,,,,
712,23.7333,0,0,no_track,,,,,,,,,,,,,,,,,,,
713,23.7667,0,0,no_track,,,,,,,,,,,,,,,,,,,
714,23.8,0,0,no_track,,,,,,,,,,,,,,,,,,,
715,23.8333,0,0,no_track,,,,,,,,,,,,,,,,,,,
716,23.8667,0,0,no_track,,,,,,,,,,,,,,,,,,,
717,23.9,0,0,no_track,,,,,,,,,,,,,,,,,,,
718,23.9333,0,0,no_track,,,,,,,,,,,,,,,,,,,
719,23.9667,0,0,no_track,,,,,,,,,,,,,,,,,,,
720,24.0,0,0,no_track,,,,,,,,,,,,,,,,,,,
721,24.0333,0,0,no_track,,,,,,,,,,,,,,,,,,,
722,24.0667,0,0,no_track,,,,,,,,,,,,,,,,,,,
723,24.1,0,0,no_track,,,,,,,,,,,,,,,,,,,
724,24.1333,0,0,no_track,,,,,,,,,,,,,,,,,,,
725,24.1667,0,0,no_track,,,,,,,,,,,,,,,,,,,
726,24.2,0,0,no_track,,,,,,,,,,,,,,,,,,,
727,24.2333,0,0,no_track,,,,,,,,,,,,,,,,,,,
728,24.2667,0,0,no_track,,,,,,,,,,,,,,,,,,,
729,24.3,0,0,no_track,,,,,,,,,,,,,,,,,,,
730,24.3333,0,0,no_track,,,,,,,,,,,,,,,,,,,
731,24.3667,0,0,no_track,,,,,,,,,,,,,,,,,,,
732,24.4,0,0,no_track,,,,,,,,,,,,,,,,,,,
733,24.4333,0,0,no_track,,,,,,,,,,,,,,,,,,,
734,24.4667,0,0,no_track,,,,,,,,,,,,,,,,,,,
735,24.5,0,0,no_track,,,,,,,,,,,,,,,,,,,
736,24.5333,0,0,no_track,,,,,,,,,,,,,,,,,,,
737,24.5667,0,0,no_track,,,,,,,,,,,,,,,,,,,
738,24.6,0,0,no_track,,,,,,,,,,,,,,,,,,,
739,24.6333,0,0,no_track,,,,,,,,,,,,,,,,,,,
740,24.6667,0,0,no_track,,,,,,,,,,,,,,,,,,,
741,24.7,0,0,no_track,,,,,,,,,,,,,,,,,,,
742,24.7333,0,0,no_track,,,,,,,,,,,,,,,,,,,
743,24.7667,0,0,no_track,,,,,,,,,,,,,,,,,,,
744,24.8,0,0,no_track,,,,,,,,,,,,,,,,,,,
745,24.8333,0,0,no_track,,,,,,,,,,,,,,,,,,,
746,24.8667,0,0,no_track,,,,,,,,,,,,,,,,,,,
747,24.9,0,0,no_track,,,,,,,,,,,,,,,,,,,
748,24.9333,0,0,no_track,,,,,,,,,,,,,,,,,,,
749,24.9667,0,0,no_track,,,,,,,,,,,,,,,,,,,
750,25.0,0,0,no_track,,,,,,,,,,,,,,,,,,,
751,25.0333,0,0,no_track,,,,,,,,,,,,,,,,,,,
752,25.0667,0,0,no_track,,,,,,,,,,,,,,,,,,,
753,25.1,0,0,no_track,,,,,,,,,,,,,,,,,,,
754,25.1333,0,0,no_track,,,,,,,,,,,,,,,,,,,
755,25.1667,0,0,no_track,,,,,,,,,,,,,,,,,,,
756,25.2,0,0,no_track,,,,,,,,,,,,,,,,,,,
757,25.2333,0,0,no_track,,,,,,,,,,,,,,,,,,,
758,25.2667,0,0,no_track,,,,,,,,,,,,,,,,,,,
759,25.3,0,0,no_track,,,,,,,,,,,,,,,,,,,
760,25.3333,0,0,no_track,,,,,,,,,,,,,,,,,,,
761,25.3667,0,0,no_track,,,,,,,,,,,,,,,,,,,
762,25.4,0,0,no_track,,,,,,,,,,,,,,,,,,,
763,25.4333,0,0,no_track,,,,,,,,,,,,,,,,,,,
764,25.4667,0,0,no_track,,,,,,,,,,,,,,,,,,,
765,25.5,0,0,no_track,,,,,,,,,,,,,,,,,,,
766,25.5333,0,0,no_track,,,,,,,,,,,,,,,,,,,
767,25.5667,0,0,no_track,,,,,,,,,,,,,,,,,,,
768,25.6,0,0,no_track,,,,,,,,,,,,,,,,,,,
769,25.6333,0,0,no_track,,,,,,,,,,,,,,,,,,,
770,25.6667,0,0,no_track,,,,,,,,,,,,,,,,,,,
771,25.7,0,0,no_track,,,,,,,,,,,,,,,,,,,
772,25.7333,0,0,no_track,,,,,,,,,,,,,,,,,,,
773,25.7667,0,0,no_track,,,,,,,,,,,,,,,,,,,
774,25.8,0,0,no_track,,,,,,,,,,,,,,,,,,,
775,25.8333,0,0,no_track,,,,,,,,,,,,,,,,,,,
776,25.8667,0,0,no_track,,,,,,,,,,,,,,,,,,,
777,25.9,0,0,no_track,,,,,,,,,,,,,,,,,,,
778,25.9333,0,0,no_track,,,,,,,,,,,,,,,,,,,
779,25.9667,0,0,no_track,,,,,,,,,,,,,,,,,,,
780,26.0,0,0,no_track,,,,,,,,,,,,,,,,,,,
781,26.0333,0,0,no_track,,,,,,,,,,,,,,,,,,,
782,26.0667,0,0,no_track,,,,,,,,,,,,,,,,,,,
783,26.1,0,0,no_track,,,,,,,,,,,,,,,,,,,
784,26.1333,0,0,no_track,,,,,,,,,,,,,,,,,,,
785,26.1667,0,0,no_track,,,,,,,,,,,,,,,,,,,
786,26.2,0,0,no_track,,,,,,,,,,,,,,,,,,,
787,26.2333,0,0,no_track,,,,,,,,,,,,,,,,,,,
788,26.2667,0,0,no_track,,,,,,,,,,,,,,,,,,,
789,26.3,0,0,no_track,,,,,,,,,,,,,,,,,,,
790,26.3333,0,0,no_track,,,,,,,,,,,,,,,,,,,
791,26.3667,0,0,no_track,,,,,,,,,,,,,,,,,,,
792,26.4,0,0,no_track,,,,,,,,,,,,,,,,,,,
793,26.4333,0,0,no_track,,,,,,,,,,,,,,,,,,,
794,26.4667,0,0,no_track,,,,,,,,,,,,,,,,,,,
795,26.5,0,0,no_track,,,,,,,,,,,,,,,,,,,
796,26.5333,0,0,no_track,,,,,,,,,,,,,,,,,,,
797,26.5667,0,0,no_track,,,,,,,,,,,,,,,,,,,
798,26.6,0,0,no_track,,,,,,,,,,,,,,,,,,,
799,26.6333,0,0,no_track,,,,,,,,,,,,,,,,,,,
800,26.6667,0,0,no_track,,,,,,,,,,,,,,,,,,,
801,26.7,0,0,no_track,,,,,,,,,,,,,,,,,,,
802,26.7333,0,0,no_track,,,,,,,,,,,,,,,,,,,
803,26.7667,0,0,no_track,,,,,,,,,,,,,,,,,,,
804,26.8,0,0,no_track,,,,,,,,,,,,,,,,,,,
805,26.8333,0,0,no_track,,,,,,,,,,,,,,,,,,,
806,26.8667,0,0,no_track,,,,,,,,,,,,,,,,,,,
807,26.9,0,0,no_track,,,,,,,,,,,,,,,,,,,
808,26.9333,0,0,no_track,,,,,,,,,,,,,,,,,,,
809,26.9667,0,0,no_track,,,,,,,,,,,,,,,,,,,
810,27.0,0,0,no_track,,,,,,,,,,,,,,,,,,,
811,27.0333,0,0,no_track,,,,,,,,,,,,,,,,,,,
812,27.0667,0,0,no_track,,,,,,,,,,,,,,,,,,,
813,27.1,0,0,no_track,,,,,,,,,,,,,,,,,,,
814,27.1333,0,0,no_track,,,,,,,,,,,,,,,,,,,
815,27.1667,0,0,no_track,,,,,,,,,,,,,,,,,,,
816,27.2,0,0,no_track,,,,,,,,,,,,,,,,,,,
817,27.2333,0,0,no_track,,,,,,,,,,,,,,,,,,,
818,27.2667,0,0,no_track,,,,,,,,,,,,,,,,,,,
819,27.3,0,0,no_track,,,,,,,,,,,,,,,,,,,
820,27.3333,0,0,no_track,,,,,,,,,,,,,,,,,,,
821,27.3667,0,0,no_track,,,,,,,,,,,,,,,,,,,
822,27.4,0,0,no_track,,,,,,,,,,,,,,,,,,,
823,27.4333,0,0,no_track,,,,,,,,,,,,,,,,,,,
824,27.4667,0,0,no_track,,,,,,,,,,,,,,,,,,,
825,27.5,0,0,no_track,,,,,,,,,,,,,,,,,,,
826,27.5333,0,0,no_track,,,,,,,,,,,,,,,,,,,
827,27.5667,0,0,no_track,,,,,,,,,,,,,,,,,,,
828,27.6,0,0,no_track,,,,,,,,,,,,,,,,,,,
829,27.6333,0,0,no_track,,,,,,,,,,,,,,,,,,,
830,27.6667,0,0,no_track,,,,,,,,,,,,,,,,,,,
831,27.7,0,0,no_track,,,,,,,,,,,,,,,,,,,
832,27.7333,0,0,no_track,,,,,,,,,,,,,,,,,,,
833,27.7667,0,0,no_track,,,,,,,,,,,,,,,,,,,
834,27.8,0,0,no_track,,,,,,,,,,,,,,,,,,,
835,27.8333,0,0,no_track,,,,,,,,,,,,,,,,,,,
836,27.8667,0,0,no_track,,,,,,,,,,,,,,,,,,,
837,27.9,0,0,no_track,,,,,,,,,,,,,,,,,,,
838,27.9333,0,0,no_track,,,,,,,,,,,,,,,,,,,
839,27.9667,0,0,no_track,,,,,,,,,,,,,,,,,,,
840,28.0,0,0,no_track,,,,,,,,,,,,,,,,,,,
841,28.0333,0,0,no_track,,,,,,,,,,,,,,,,,,,
842,28.0667,0,0,no_track,,,,,,,,,,,,,,,,,,,
843,28.1,0,0,no_track,,,,,,,,,,,,,,,,,,,
844,28.1333,0,0,no_track,,,,,,,,,,,,,,,,,,,
845,28.1667,0,0,no_track,,,,,,,,,,,,,,,,,,,
846,28.2,0,0,no_track,,,,,,,,,,,,,,,,,,,
847,28.2333,0,0,no_track,,,,,,,,,,,,,,,,,,,
848,28.2667,0,0,no_track,,,,,,,,,,,,,,,,,,,
849,28.3,0,0,no_track,,,,,,,,,,,,,,,,,,,
850,28.3333,0,0,no_track,,,,,,,,,,,,,,,,,,,
851,28.3667,0,0,no_track,,,,,,,,,,,,,,,,,,,
852,28.4,0,0,no_track,,,,,,,,,,,,,,,,,,,
853,28.4333,0,0,no_track,,,,,,,,,,,,,,,,,,,
854,28.4667,0,0,no_track,,,,,,,,,,,,,,,,,,,
855,28.5,0,0,no_track,,,,,,,,,,,,,,,,,,,
856,28.5333,0,0,no_track,,,,,,,,,,,,,,,,,,,
857,28.5667,0,0,no_track,,,,,,,,,,,,,,,,,,,
858,28.6,0,0,no_track,,,,,,,,,,,,,,,,,,,
859,28.6333,0,0,no_track,,,,,,,,,,,,,,,,,,,
860,28.6667,0,0,no_track,,,,,,,,,,,,,,,,,,,
861,28.7,0,0,no_track,,,,,,,,,,,,,,,,,,,
862,28.7333,0,0,no_track,,,,,,,,,,,,,,,,,,,
863,28.7667,0,0,no_track,,,,,,,,,,,,,,,,,,,
864,28.8,0,0,no_track,,,,,,,,,,,,,,,,,,,
865,28.8333,0,0,no_track,,,,,,,,,,,,,,,,,,,
866,28.8667,0,0,no_track,,,,,,,,,,,,,,,,,,,
867,28.9,0,0,no_track,,,,,,,,,,,,,,,,,,,
868,28.9333,0,0,no_track,,,,,,,,,,,,,,,,,,,
869,28.9667,0,0,no_track,,,,,,,,,,,,,,,,,,,
870,29.0,0,0,no_track,,,,,,,,,,,,,,,,,,,
871,29.0333,0,0,no_track,,,,,,,,,,,,,,,,,,,
872,29.0667,0,0,no_track,,,,,,,,,,,,,,,,,,,
873,29.1,0,0,no_track,,,,,,,,,,,,,,,,,,,
874,29.1333,0,0,no_track,,,,,,,,,,,,,,,,,,,
875,29.1667,0,0,no_track,,,,,,,,,,,,,,,,,,,
876,29.2,0,0,no_track,,,,,,,,,,,,,,,,,,,
877,29.2333,0,0,no_track,,,,,,,,,,,,,,,,,,,
878,29.2667,0,0,no_track,,,,,,,,,,,,,,,,,,,
879,29.3,0,0,no_track,,,,,,,,,,,,,,,,,,,
880,29.3333,0,0,no_track,,,,,,,,,,,,,,,,,,,
881,29.3667,0,0,no_track,,,,,,,,,,,,,,,,,,,
882,29.4,0,0,no_track,,,,,,,,,,,,,,,,,,,
883,29.4333,0,0,no_track,,,,,,,,,,,,,,,,,,,
884,29.4667,0,0,no_track,,,,,,,,,,,,,,,,,,,
885,29.5,0,0,no_track,,,,,,,,,,,,,,,,,,,
886,29.5333,0,0,no_track,,,,,,,,,,,,,,,,,,,
887,29.5667,0,0,no_track,,,,,,,,,,,,,,,,,,,
888,29.6,0,0,no_track,,,,,,,,,,,,,,,,,,,
889,29.6333,0,0,no_track,,,,,,,,,,,,,,,,,,,
890,29.6667,0,0,no_track,,,,,,,,,,,,,,,,,,,
891,29.7,0,0,no_track,,,,,,,,,,,,,,,,,,,
892,29.7333,0,0,no_track,,,,,,,,,,,,,,,,,,,
893,29.7667,0,0,no_track,,,,,,,,,,,,,,,,,,,
894,29.8,0,0,no_track,,,,,,,,,,,,,,,,,,,
895,29.8333,0,0,no_track,,,,,,,,,,,,,,,,,,,
896,29.8667,0,0,no_track,,,,,,,,,,,,,,,,,,,
897,29.9,0,0,no_track,,,,,,,,,,,,,,,,,,,
898,29.9333,0,0,no_track,,,,,,,,,,,,,,,,,,,
899,29.9667,0,0,no_track,,,,,,,,,,,,,,,,,,,
900,30.0,0,0,no_track,,,,,,,,,,,,,,,,,,,
901,30.0333,0,0,no_track,,,,,,,,,,,,,,,,,,,
902,30.0667,0,0,no_track,,,,,,,,,,,,,,,,,,,
903,30.1,0,0,no_track,,,,,,,,,,,,,,,,,,,
904,30.1333,0,0,no_track,,,,,,,,,,,,,,,,,,,
905,30.1667,0,0,no_track,,,,,,,,,,,,,,,,,,,
906,30.2,0,0,no_track,,,,,,,,,,,,,,,,,,,
907,30.2333,0,0,no_track,,,,,,,,,,,,,,,,,,,
908,30.2667,0,0,no_track,,,,,,,,,,,,,,,,,,,
909,30.3,0,0,no_track,,,,,,,,,,,,,,,,,,,
910,30.3333,0,0,no_track,,,,,,,,,,,,,,,,,,,
911,30.3667,0,0,no_track,,,,,,,,,,,,,,,,,,,
912,30.4,0,0,no_track,,,,,,,,,,,,,,,,,,,
913,30.4333,0,0,no_track,,,,,,,,,,,,,,,,,,,
914,30.4667,0,0,no_track,,,,,,,,,,,,,,,,,,,
915,30.5,0,0,no_track,,,,,,,,,,,,,,,,,,,
916,30.5333,0,0,no_track,,,,,,,,,,,,,,,,,,,
917,30.5667,0,0,no_track,,,,,,,,,,,,,,,,,,,
918,30.6,0,0,no_track,,,,,,,,,,,,,,,,,,,
919,30.6333,0,0,no_track,,,,,,,,,,,,,,,,,,,
920,30.6667,0,0,no_track,,,,,,,,,,,,,,,,,,,
921,30.7,0,0,no_track,,,,,,,,,,,,,,,,,,,
922,30.7333,0,0,no_track,,,,,,,,,,,,,,,,,,,
923,30.7667,0,0,no_track,,,,,,,,,,,,,,,,,,,
924,30.8,0,0,no_track,,,,,,,,,,,,,,,,,,,
925,30.8333,0,0,no_track,,,,,,,,,,,,,,,,,,,
926,30.8667,0,0,no_track,,,,,,,,,,,,,,,,,,,
927,30.9,0,0,no_track,,,,,,,,,,,,,,,,,,,
928,30.9333,0,0,no_track,,,,,,,,,,,,,,,,,,,
929,30.9667,0,0,no_track,,,,,,,,,,,,,,,,,,,
930,31.0,0,0,no_track,,,,,,,,,,,,,,,,,,,
931,31.0333,0,0,no_track,,,,,,,,,,,,,,,,,,,
932,31.0667,0,0,no_track,,,,,,,,,,,,,,,,,,,
933,31.1,0,0,no_track,,,,,,,,,,,,,,,,,,,
934,31.1333,0,0,no_track,,,,,,,,,,,,,,,,,,,
935,31.1667,0,0,no_track,,,,,,,,,,,,,,,,,,,
936,31.2,0,0,no_track,,,,,,,,,,,,,,,,,,,
937,31.2333,0,0,no_track,,,,,,,,,,,,,,,,,,,
938,31.2667,0,0,no_track,,,,,,,,,,,,,,,,,,,
939,31.3,0,0,no_track,,,,,,,,,,,,,,,,,,,
940,31.3333,0,0,no_track,,,,,,,,,,,,,,,,,,,
941,31.3667,0,0,no_track,,,,,,,,,,,,,,,,,,,
942,31.4,0,0,no_track,,,,,,,,,,,,,,,,,,,
943,31.4333,0,0,no_track,,,,,,,,,,,,,,,,,,,
944,31.4667,0,0,no_track,,,,,,,,,,,,,,,,,,,
945,31.5,0,0,no_track,,,,,,,,,,,,,,,,,,,
946,31.5333,0,0,no_track,,,,,,,,,,,,,,,,,,,
947,31.5667,0,0,no_track,,,,,,,,,,,,,,,,,,,
948,31.6,0,0,no_track,,,,,,,,,,,,,,,,,,,
949,31.6333,0,0,no_track,,,,,,,,,,,,,,,,,,,
950,31.6667,0,0,no_track,,,,,,,,,,,,,,,,,,,
951,31.7,0,0,no_track,,,,,,,,,,,,,,,,,,,
952,31.7333,0,0,no_track,,,,,,,,,,,,,,,,,,,
953,31.7667,0,0,no_track,,,,,,,,,,,,,,,,,,,
954,31.8,0,0,no_track,,,,,,,,,,,,,,,,,,,
955,31.8333,0,0,no_track,,,,,,,,,,,,,,,,,,,
956,31.8667,0,0,no_track,,,,,,,,,,,,,,,,,,,
957,31.9,0,0,no_track,,,,,,,,,,,,,,,,,,,
958,31.9333,0,0,no_track,,,,,,,,,,,,,,,,,,,
959,31.9667,0,0,no_track,,,,,,,,,,,,,,,,,,,
960,32.0,0,0,no_track,,,,,,,,,,,,,,,,,,,
961,32.0333,0,0,no_track,,,,,,,,,,,,,,,,,,,
962,32.0667,0,0,no_track,,,,,,,,,,,,,,,,,,,
963,32.1,0,0,no_track,,,,,,,,,,,,,,,,,,,
964,32.1333,0,0,no_track,,,,,,,,,,,,,,,,,,,
965,32.1667,0,0,no_track,,,,,,,,,,,,,,,,,,,
966,32.2,0,0,no_track,,,,,,,,,,,,,,,,,,,
967,32.2333,0,0,no_track,,,,,,,,,,,,,,,,,,,
968,32.2667,0,0,no_track,,,,,,,,,,,,,,,,,,,
969,32.3,0,0,no_track,,,,,,,,,,,,,,,,,,,
970,32.3333,0,0,no_track,,,,,,,,,,,,,,,,,,,
971,32.3667,0,0,no_track,,,,,,,,,,,,,,,,,,,
972,32.4,0,0,no_track,,,,,,,,,,,,,,,,,,,
973,32.4333,0,0,no_track,,,,,,,,,,,,,,,,,,,
974,32.4667,0,0,no_track,,,,,,,,,,,,,,,,,,,
975,32.5,0,0,no_track,,,,,,,,,,,,,,,,,,,
976,32.5333,0,0,no_track,,,,,,,,,,,,,,,,,,,
977,32.5667,0,0,no_track,,,,,,,,,,,,,,,,,,,
978,32.6,0,0,no_track,,,,,,,,,,,,,,,,,,,
979,32.6333,0,0,no_track,,,,,,,,,,,,,,,,,,,
980,32.6667,0,0,no_track,,,,,,,,,,,,,,,,,,,
981,32.7,0,0,no_track,,,,,,,,,,,,,,,,,,,
982,32.7333,0,0,no_track,,,,,,,,,,,,,,,,,,,
983,32.7667,0,0,no_track,,,,,,,,,,,,,,,,,,,
984,32.8,0,0,no_track,,,,,,,,,,,,,,,,,,,
985,32.8333,0,0,no_track,,,,,,,,,,,,,,,,,,,
986,32.8667,0,0,no_track,,,,,,,,,,,,,,,,,,,
987,32.9,0,0,no_track,,,,,,,,,,,,,,,,,,,
988,32.9333,0,0,no_track,,,,,,,,,,,,,,,,,,,
989,32.9667,0,0,no_track,,,,,,,,,,,,,,,,,,,
990,33.0,0,0,no_track,,,,,,,,,,,,,,,,,,,
991,33.0333,0,0,no_track,,,,,,,,,,,,,,,,,,,
992,33.0667,0,0,no_track,,,,,,,,,,,,,,,,,,,
993,33.1,0,0,no_track,,,,,,,,,,,,,,,,,,,
994,33.1333,0,0,no_track,,,,,,,,,,,,,,,,,,,
995,33.1667,0,0,no_track,,,,,,,,,,,,,,,,,,,
996,33.2,0,0,no_track,,,,,,,,,,,,,,,,,,,
997,33.2333,0,0,no_track,,,,,,,,,,,,,,,,,,,
998,33.2667,0,0,no_track,,,,,,,,,,,,,,,,,,,
999,33.3,0,0,no_track,,,,,,,,,,,,,,,,,,,
1000,33.3333,0,0,no_track,,,,,,,,,,,,,,,,,,,
1001,33.3667,0,0,no_track,,,,,,,,,,,,,,,,,,,
1002,33.4,0,0,no_track,,,,,,,,,,,,,,,,,,,
1003,33.4333,0,0,no_track,,,,,,,,,,,,,,,,,,,
1004,33.4667,0,0,no_track,,,,,,,,,,,,,,,,,,,
1005,33.5,0,0,no_track,,,,,,,,,,,,,,,,,,,
1006,33.5333,0,0,no_track,,,,,,,,,,,,,,,,,,,
1007,33.5667,0,0,no_track,,,,,,,,,,,,,,,,,,,
1008,33.6,0,0,no_track,,,,,,,,,,,,,,,,,,,
1009,33.6333,0,0,no_track,,,,,,,,,,,,,,,,,,,
1010,33.6667,0,0,no_track,,,,,,,,,,,,,,,,,,,
1011,33.7,0,0,no_track,,,,,,,,,,,,,,,,,,,
1012,33.7333,0,0,no_track,,,,,,,,,,,,,,,,,,,
1013,33.7667,0,0,no_track,,,,,,,,,,,,,,,,,,,
1014,33.8,0,0,no_track,,,,,,,,,,,,,,,,,,,
1015,33.8333,0,0,no_track,,,,,,,,,,,,,,,,,,,
1016,33.8667,0,0,no_track,,,,,,,,,,,,,,,,,,,
1017,33.9,0,0,no_track,,,,,,,,,,,,,,,,,,,
1018,33.9333,0,0,no_track,,,,,,,,,,,,,,,,,,,
1019,33.9667,0,0,no_track,,,,,,,,,,,,,,,,,,,
1020,34.0,0,0,no_track,,,,,,,,,,,,,,,,,,,
1021,34.0333,0,0,no_track,,,,,,,,,,,,,,,,,,,
1022,34.0667,0,0,no_track,,,,,,,,,,,,,,,,,,,
1023,34.1,0,0,no_track,,,,,,,,,,,,,,,,,,,
1024,34.1333,0,0,no_track,,,,,,,,,,,,,,,,,,,
1025,34.1667,0,0,no_track,,,,,,,,,,,,,,,,,,,
1026,34.2,0,0,no_track,,,,,,,,,,,,,,,,,,,
1027,34.2333,0,0,no_track,,,,,,,,,,,,,,,,,,,
1028,34.2667,0,0,no_track,,,,,,,,,,,,,,,,,,,
1029,34.3,0,0,no_track,,,,,,,,,,,,,,,,,,,
1030,34.3333,0,0,no_track,,,,,,,,,,,,,,,,,,,
1031,34.3667,0,0,no_track,,,,,,,,,,,,,,,,,,,
1032,34.4,0,0,no_track,,,,,,,,,,,,,,,,,,,
1033,34.4333,0,0,no_track,,,,,,,,,,,,,,,,,,,
1034,34.4667,0,0,no_track,,,,,,,,,,,,,,,,,,,
1035,34.5,0,0,no_track,,,,,,,,,,,,,,,,,,,
1036,34.5333,0,0,no_track,,,,,,,,,,,,,,,,,,,
1037,34.5667,0,0,no_track,,,,,,,,,,,,,,,,,,,
1038,34.6,0,0,no_track,,,,,,,,,,,,,,,,,,,
1039,34.6333,0,0,no_track,,,,,,,,,,,,,,,,,,,
1040,34.6667,0,0,no_track,,,,,,,,,,,,,,,,,,,
1041,34.7,0,0,no_track,,,,,,,,,,,,,,,,,,,
1042,34.7333,0,0,no_track,,,,,,,,,,,,,,,,,,,
1043,34.7667,0,0,no_track,,,,,,,,,,,,,,,,,,,
1044,34.8,0,0,no_track,,,,,,,,,,,,,,,,,,,
1045,34.8333,0,0,no_track,,,,,,,,,,,,,,,,,,,
1046,34.8667,0,0,no_track,,,,,,,,,,,,,,,,,,,
1047,34.9,0,0,no_track,,,,,,,,,,,,,,,,,,,
1048,34.9333,0,0,no_track,,,,,,,,,,,,,,,,,,,
1049,34.9667,0,0,no_track,,,,,,,,,,,,,,,,,,,
1050,35.0,0,0,no_track,,,,,,,,,,,,,,,,,,,
1051,35.0333,0,0,no_track,,,,,,,,,,,,,,,,,,,
1052,35.0667,0,0,no_track,,,,,,,,,,,,,,,,,,,
1053,35.1,0,0,no_track,,,,,,,,,,,,,,,,,,,
1054,35.1333,0,0,no_track,,,,,,,,,,,,,,,,,,,
1055,35.1667,0,0,no_track,,,,,,,,,,,,,,,,,,,
1056,35.2,0,0,no_track,,,,,,,,,,,,,,,,,,,
1057,35.2333,0,0,no_track,,,,,,,,,,,,,,,,,,,
1058,35.2667,0,0,no_track,,,,,,,,,,,,,,,,,,,
1059,35.3,0,0,no_track,,,,,,,,,,,,,,,,,,,
1060,35.3333,0,0,no_track,,,,,,,,,,,,,,,,,,,
1061,35.3667,0,0,no_track,,,,,,,,,,,,,,,,,,,
1062,35.4,0,0,no_track,,,,,,,,,,,,,,,,,,,
1063,35.4333,0,0,no_track,,,,,,,,,,,,,,,,,,,
1064,35.4667,0,0,no_track,,,,,,,,,,,,,,,,,,,
1065,35.5,0,0,no_track,,,,,,,,,,,,,,,,,,,
1066,35.5333,0,0,no_track,,,,,,,,,,,,,,,,,,,
1067,35.5667,0,0,no_track,,,,,,,,,,,,,,,,,,,
1068,35.6,0,0,no_track,,,,,,,,,,,,,,,,,,,
1069,35.6333,0,0,no_track,,,,,,,,,,,,,,,,,,,
1070,35.6667,0,0,no_track,,,,,,,,,,,,,,,,,,,
1071,35.7,0,0,no_track,,,,,,,,,,,,,,,,,,,
1072,35.7333,0,0,no_track,,,,,,,,,,,,,,,,,,,
1073,35.7667,0,0,no_track,,,,,,,,,,,,,,,,,,,
1074,35.8,0,0,no_track,,,,,,,,,,,,,,,,,,,
1075,35.8333,0,0,no_track,,,,,,,,,,,,,,,,,,,
1076,35.8667,0,0,no_track,,,,,,,,,,,,,,,,,,,
1077,35.9,0,0,no_track,,,,,,,,,,,,,,,,,,,
1078,35.9333,0,0,no_track,,,,,,,,,,,,,,,,,,,
1079,35.9667,0,0,no_track,,,,,,,,,,,,,,,,,,,
1080,36.0,0,0,no_track,,,,,,,,,,,,,,,,,,,
1081,36.0333,0,0,no_track,,,,,,,,,,,,,,,,,,,
1082,36.0667,0,0,no_track,,,,,,,,,,,,,,,,,,,
1083,36.1,0,0,no_track,,,,,,,,,,,,,,,,,,,
1084,36.1333,0,0,no_track,,,,,,,,,,,,,,,,,,,
1085,36.1667,0,0,no_track,,,,,,,,,,,,,,,,,,,
1086,36.2,0,0,no_track,,,,,,,,,,,,,,,,,,,
1087,36.2333,0,0,no_track,,,,,,,,,,,,,,,,,,,
1088,36.2667,0,0,no_track,,,,,,,,,,,,,,,,,,,
1089,36.3,0,0,no_track,,,,,,,,,,,,,,,,,,,
1090,36.3333,0,0,no_track,,,,,,,,,,,,,,,,,,,
1091,36.3667,0,0,no_track,,,,,,,,,,,,,,,,,,,
1092,36.4,0,0,no_track,,,,,,,,,,,,,,,,,,,
1093,36.4333,0,0,no_track,,,,,,,,,,,,,,,,,,,
1094,36.4667,0,0,no_track,,,,,,,,,,,,,,,,,,,
1095,36.5,0,0,no_track,,,,,,,,,,,,,,,,,,,
1096,36.5333,0,0,no_track,,,,,,,,,,,,,,,,,,,
1097,36.5667,0,0,no_track,,,,,,,,,,,,,,,,,,,
1098,36.6,0,0,no_track,,,,,,,,,,,,,,,,,,,
1099,36.6333,0,0,no_track,,,,,,,,,,,,,,,,,,,
1100,36.6667,0,0,no_track,,,,,,,,,,,,,,,,,,,
1101,36.7,0,0,no_track,,,,,,,,,,,,,,,,,,,
1102,36.7333,0,0,no_track,,,,,,,,,,,,,,,,,,,
1103,36.7667,0,0,no_track,,,,,,,,,,,,,,,,,,,
1104,36.8,0,0,no_track,,,,,,,,,,,,,,,,,,,
1105,36.8333,0,0,no_track,,,,,,,,,,,,,,,,,,,
1106,36.8667,0,0,no_track,,,,,,,,,,,,,,,,,,,
1107,36.9,0,0,no_track,,,,,,,,,,,,,,,,,,,
1108,36.9333,0,0,no_track,,,,,,,,,,,,,,,,,,,
1109,36.9667,0,0,no_track,,,,,,,,,,,,,,,,,,,
1110,37.0,0,0,no_track,,,,,,,,,,,,,,,,,,,
1111,37.0333,0,0,no_track,,,,,,,,,,,,,,,,,,,
1112,37.0667,0,0,no_track,,,,,,,,,,,,,,,,,,,
1113,37.1,0,0,no_track,,,,,,,,,,,,,,,,,,,
1114,37.1333,0,0,no_track,,,,,,,,,,,,,,,,,,,
1115,37.1667,0,0,no_track,,,,,,,,,,,,,,,,,,,
1116,37.2,0,0,no_track,,,,,,,,,,,,,,,,,,,
1117,37.2333,0,0,no_track,,,,,,,,,,,,,,,,,,,
1118,37.2667,0,0,no_track,,,,,,,,,,,,,,,,,,,
1119,37.3,0,0,no_track,,,,,,,,,,,,,,,,,,,
1120,37.3333,0,0,no_track,,,,,,,,,,,,,,,,,,,
1121,37.3667,0,0,no_track,,,,,,,,,,,,,,,,,,,
1122,37.4,0,0,no_track,,,,,,,,,,,,,,,,,,,
1123,37.4333,0,0,no_track,,,,,,,,,,,,,,,,,,,
1124,37.4667,0,0,no_track,,,,,,,,,,,,,,,,,,,
1125,37.5,0,0,no_track,,,,,,,,,,,,,,,,,,,
1126,37.5333,0,0,no_track,,,,,,,,,,,,,,,,,,,
1127,37.5667,0,0,no_track,,,,,,,,,,,,,,,,,,,
1128,37.6,0,0,no_track,,,,,,,,,,,,,,,,,,,
1129,37.6333,0,0,no_track,,,,,,,,,,,,,,,,,,,
1130,37.6667,0,0,no_track,,,,,,,,,,,,,,,,,,,
1131,37.7,0,0,no_track,,,,,,,,,,,,,,,,,,,
1132,37.7333,0,0,no_track,,,,,,,,,,,,,,,,,,,
1133,37.7667,0,0,no_track,,,,,,,,,,,,,,,,,,,
1134,37.8,0,0,no_track,,,,,,,,,,,,,,,,,,,
1135,37.8333,0,0,no_track,,,,,,,,,,,,,,,,,,,
1136,37.8667,0,0,no_track,,,,,,,,,,,,,,,,,,,
1137,37.9,0,0,no_track,,,,,,,,,,,,,,,,,,,
1138,37.9333,0,0,no_track,,,,,,,,,,,,,,,,,,,
1139,37.9667,0,0,no_track,,,,,,,,,,,,,,,,,,,
1140,38.0,0,0,no_track,,,,,,,,,,,,,,,,,,,
1141,38.0333,0,0,no_track,,,,,,,,,,,,,,,,,,,
1142,38.0667,0,0,no_track,,,,,,,,,,,,,,,,,,,
1143,38.1,0,0,no_track,,,,,,,,,,,,,,,,,,,
1144,38.1333,0,0,no_track,,,,,,,,,,,,,,,,,,,
1145,38.1667,0,0,no_track,,,,,,,,,,,,,,,,,,,
1146,38.2,0,0,no_track,,,,,,,,,,,,,,,,,,,
1147,38.2333,0,0,no_track,,,,,,,,,,,,,,,,,,,
1148,38.2667,0,0,no_track,,,,,,,,,,,,,,,,,,,
1149,38.3,0,0,no_track,,,,,,,,,,,,,,,,,,,
1150,38.3333,0,0,no_track,,,,,,,,,,,,,,,,,,,
1151,38.3667,0,0,no_track,,,,,,,,,,,,,,,,,,,
1152,38.4,0,0,no_track,,,,,,,,,,,,,,,,,,,
1153,38.4333,0,0,no_track,,,,,,,,,,,,,,,,,,,
1154,38.4667,0,0,no_track,,,,,,,,,,,,,,,,,,,
1155,38.5,0,0,no_track,,,,,,,,,,,,,,,,,,,
1156,38.5333,0,0,no_track,,,,,,,,,,,,,,,,,,,
1157,38.5667,0,0,no_track,,,,,,,,,,,,,,,,,,,
1158,38.6,0,0,no_track,,,,,,,,,,,,,,,,,,,
1159,38.6333,0,0,no_track,,,,,,,,,,,,,,,,,,,
1160,38.6667,0,0,no_track,,,,,,,,,,,,,,,,,,,
1161,38.7,0,0,no_track,,,,,,,,,,,,,,,,,,,
1162,38.7333,0,0,no_track,,,,,,,,,,,,,,,,,,,
1163,38.7667,0,0,no_track,,,,,,,,,,,,,,,,,,,
1164,38.8,0,0,no_track,,,,,,,,,,,,,,,,,,,
1165,38.8333,0,0,no_track,,,,,,,,,,,,,,,,,,,
1166,38.8667,0,0,no_track,,,,,,,,,,,,,,,,,,,
1167,38.9,0,0,no_track,,,,,,,,,,,,,,,,,,,
1168,38.9333,0,0,no_track,,,,,,,,,,,,,,,,,,,
1169,38.9667,0,0,no_track,,,,,,,,,,,,,,,,,,,
1170,39.0,0,0,no_track,,,,,,,,,,,,,,,,,,,
1171,39.0333,0,0,no_track,,,,,,,,,,,,,,,,,,,
1172,39.0667,0,0,no_track,,,,,,,,,,,,,,,,,,,
1173,39.1,0,0,no_track,,,,,,,,,,,,,,,,,,,
1174,39.1333,0,0,no_track,,,,,,,,,,,,,,,,,,,
1175,39.1667,0,0,no_track,,,,,,,,,,,,,,,,,,,
1176,39.2,0,0,no_track,,,,,,,,,,,,,,,,,,,
1177,39.2333,0,0,no_track,,,,,,,,,,,,,,,,,,,
1178,39.2667,0,0,no_track,,,,,,,,,,,,,,,,,,,
1179,39.3,0,0,no_track,,,,,,,,,,,,,,,,,,,
1180,39.3333,0,0,no_track,,,,,,,,,,,,,,,,,,,
1181,39.3667,0,0,no_track,,,,,,,,,,,,,,,,,,,
1182,39.4,0,0,no_track,,,,,,,,,,,,,,,,,,,
1183,39.4333,0,0,no_track,,,,,,,,,,,,,,,,,,,
1184,39.4667,0,0,no_track,,,,,,,,,,,,,,,,,,,
1185,39.5,0,0,no_track,,,,,,,,,,,,,,,,,,,
1186,39.5333,0,0,no_track,,,,,,,,,,,,,,,,,,,
1187,39.5667,0,0,no_track,,,,,,,,,,,,,,,,,,,
1188,39.6,0,0,no_track,,,,,,,,,,,,,,,,,,,
1189,39.6333,0,0,no_track,,,,,,,,,,,,,,,,,,,
1190,39.6667,0,0,no_track,,,,,,,,,,,,,,,,,,,
1191,39.7,0,0,no_track,,,,,,,,,,,,,,,,,,,
1192,39.7333,0,0,no_track,,,,,,,,,,,,,,,,,,,
1193,39.7667,0,0,no_track,,,,,,,,,,,,,,,,,,,
1194,39.8,0,0,no_track,,,,,,,,,,,,,,,,,,,
1195,39.8333,0,0,no_track,,,,,,,,,,,,,,,,,,,
1196,39.8667,0,0,no_track,,,,,,,,,,,,,,,,,,,
1197,39.9,0,0,no_track,,,,,,,,,,,,,,,,,,,
1198,39.9333,0,0,no_track,,,,,,,,,,,,,,,,,,,
1199,39.9667,0,0,no_track,,,,,,,,,,,,,,,,,,,
1200,40.0,0,0,no_track,,,,,,,,,,,,,,,,,,,
1201,40.0333,0,0,no_track,,,,,,,,,,,,,,,,,,,
1202,40.0667,0,0,no_track,,,,,,,,,,,,,,,,,,,
1203,40.1,0,0,no_track,,,,,,,,,,,,,,,,,,,
1204,40.1333,0,0,no_track,,,,,,,,,,,,,,,,,,,
1205,40.1667,0,0,no_track,,,,,,,,,,,,,,,,,,,
1206,40.2,0,0,no_track,,,,,,,,,,,,,,,,,,,
1207,40.2333,0,0,no_track,,,,,,,,,,,,,,,,,,,
1208,40.2667,0,0,no_track,,,,,,,,,,,,,,,,,,,
1209,40.3,0,0,no_track,,,,,,,,,,,,,,,,,,,
1210,40.3333,0,0,no_track,,,,,,,,,,,,,,,,,,,
1211,40.3667,0,0,no_track,,,,,,,,,,,,,,,,,,,
1212,40.4,0,0,no_track,,,,,,,,,,,,,,,,,,,
1213,40.4333,0,0,no_track,,,,,,,,,,,,,,,,,,,
1214,40.4667,0,0,no_track,,,,,,,,,,,,,,,,,,,
1215,40.5,0,0,no_track,,,,,,,,,,,,,,,,,,,
1216,40.5333,0,0,no_track,,,,,,,,,,,,,,,,,,,
1217,40.5667,0,0,no_track,,,,,,,,,,,,,,,,,,,
1218,40.6,0,0,no_track,,,,,,,,,,,,,,,,,,,
1219,40.6333,0,0,no_track,,,,,,,,,,,,,,,,,,,
1220,40.6667,0,0,no_track,,,,,,,,,,,,,,,,,,,
1221,40.7,0,0,no_track,,,,,,,,,,,,,,,,,,,
1222,40.7333,0,0,no_track,,,,,,,,,,,,,,,,,,,
1223,40.7667,0,0,no_track,,,,,,,,,,,,,,,,,,,
1224,40.8,0,0,no_track,,,,,,,,,,,,,,,,,,,
1225,40.8333,0,0,no_track,,,,,,,,,,,,,,,,,,,
1226,40.8667,0,0,no_track,,,,,,,,,,,,,,,,,,,
1227,40.9,0,0,no_track,,,,,,,,,,,,,,,,,,,
1228,40.9333,0,0,no_track,,,,,,,,,,,,,,,,,,,
1229,40.9667,0,0,no_track,,,,,,,,,,,,,,,,,,,
1230,41.0,0,0,no_track,,,,,,,,,,,,,,,,,,,
1231,41.0333,0,0,no_track,,,,,,,,,,,,,,,,,,,
1232,41.0667,0,0,no_track,,,,,,,,,,,,,,,,,,,
1233,41.1,0,0,no_track,,,,,,,,,,,,,,,,,,,
1234,41.1333,0,0,no_track,,,,,,,,,,,,,,,,,,,
1235,41.1667,0,0,no_track,,,,,,,,,,,,,,,,,,,
1236,41.2,0,0,no_track,,,,,,,,,,,,,,,,,,,
1237,41.2333,0,0,no_track,,,,,,,,,,,,,,,,,,,
1238,41.2667,0,0,no_track,,,,,,,,,,,,,,,,,,,
1239,41.3,0,0,no_track,,,,,,,,,,,,,,,,,,,
1240,41.3333,0,0,no_track,,,,,,,,,,,,,,,,,,,
1241,41.3667,0,0,no_track,,,,,,,,,,,,,,,,,,,
1242,41.4,0,0,no_track,,,,,,,,,,,,,,,,,,,
1243,41.4333,0,0,no_track,,,,,,,,,,,,,,,,,,,
1244,41.4667,0,0,no_track,,,,,,,,,,,,,,,,,,,
1245,41.5,0,0,no_track,,,,,,,,,,,,,,,,,,,
1246,41.5333,0,0,no_track,,,,,,,,,,,,,,,,,,,
1247,41.5667,0,0,no_track,,,,,,,,,,,,,,,,,,,
1248,41.6,0,0,no_track,,,,,,,,,,,,,,,,,,,
1249,41.6333,0,0,no_track,,,,,,,,,,,,,,,,,,,
1250,41.6667,0,0,no_track,,,,,,,,,,,,,,,,,,,
1251,41.7,0,0,no_track,,,,,,,,,,,,,,,,,,,
1252,41.7333,0,0,no_track,,,,,,,,,,,,,,,,,,,
1253,41.7667,0,0,no_track,,,,,,,,,,,,,,,,,,,
1254,41.8,0,0,no_track,,,,,,,,,,,,,,,,,,,
1255,41.8333,0,0,no_track,,,,,,,,,,,,,,,,,,,
1256,41.8667,0,0,no_track,,,,,,,,,,,,,,,,,,,
1257,41.9,0,0,no_track,,,,,,,,,,,,,,,,,,,
1258,41.9333,0,0,no_track,,,,,,,,,,,,,,,,,,,
1259,41.9667,0,0,no_track,,,,,,,,,,,,,,,,,,,
1260,42.0,0,0,no_track,,,,,,,,,,,,,,,,,,,
1261,42.0333,0,0,no_track,,,,,,,,,,,,,,,,,,,
1262,42.0667,0,0,no_track,,,,,,,,,,,,,,,,,,,
1263,42.1,0,0,no_track,,,,,,,,,,,,,,,,,,,
1264,42.1333,0,0,no_track,,,,,,,,,,,,,,,,,,,
1265,42.1667,0,0,no_track,,,,,,,,,,,,,,,,,,,
1266,42.2,0,0,no_track,,,,,,,,,,,,,,,,,,,
1267,42.2333,0,0,no_track,,,,,,,,,,,,,,,,,,,
1268,42.2667,0,0,no_track,,,,,,,,,,,,,,,,,,,
1269,42.3,0,0,no_track,,,,,,,,,,,,,,,,,,,
1270,42.3333,0,0,no_track,,,,,,,,,,,,,,,,,,,
1271,42.3667,0,0,no_track,,,,,,,,,,,,,,,,,,,
1272,42.4,0,0,no_track,,,,,,,,,,,,,,,,,,,
1273,42.4333,0,0,no_track,,,,,,,,,,,,,,,,,,,
1274,42.4667,0,0,no_track,,,,,,,,,,,,,,,,,,,
1275,42.5,0,0,no_track,,,,,,,,,,,,,,,,,,,
1276,42.5333,0,0,no_track,,,,,,,,,,,,,,,,,,,
1277,42.5667,0,0,no_track,,,,,,,,,,,,,,,,,,,
1278,42.6,0,0,no_track,,,,,,,,,,,,,,,,,,,
1279,42.6333,0,0,no_track,,,,,,,,,,,,,,,,,,,
1280,42.6667,0,0,no_track,,,,,,,,,,,,,,,,,,,
1281,42.7,0,0,no_track,,,,,,,,,,,,,,,,,,,
1282,42.7333,0,0,no_track,,,,,,,,,,,,,,,,,,,
1283,42.7667,0,0,no_track,,,,,,,,,,,,,,,,,,,
1284,42.8,0,0,no_track,,,,,,,,,,,,,,,,,,,
1285,42.8333,0,0,no_track,,,,,,,,,,,,,,,,,,,
1286,42.8667,0,0,no_track,,,,,,,,,,,,,,,,,,,
1287,42.9,0,0,no_track,,,,,,,,,,,,,,,,,,,
1288,42.9333,0,0,no_track,,,,,,,,,,,,,,,,,,,
1289,42.9667,0,0,no_track,,,,,,,,,,,,,,,,,,,
1290,43.0,0,0,no_track,,,,,,,,,,,,,,,,,,,
1291,43.0333,0,0,no_track,,,,,,,,,,,,,,,,,,,
1292,43.0667,0,0,no_track,,,,,,,,,,,,,,,,,,,
1293,43.1,0,0,no_track,,,,,,,,,,,,,,,,,,,
1294,43.1333,0,0,no_track,,,,,,,,,,,,,,,,,,,
1295,43.1667,0,0,no_track,,,,,,,,,,,,,,,,,,,
1296,43.2,0,0,no_track,,,,,,,,,,,,,,,,,,,
1297,43.2333,0,0,no_track,,,,,,,,,,,,,,,,,,,
1298,43.2667,0,0,no_track,,,,,,,,,,,,,,,,,,,
1299,43.3,0,0,no_track,,,,,,,,,,,,,,,,,,,
1300,43.3333,0,0,no_track,,,,,,,,,,,,,,,,,,,
1301,43.3667,0,0,no_track,,,,,,,,,,,,,,,,,,,
1302,43.4,0,0,no_track,,,,,,,,,,,,,,,,,,,
1303,43.4333,0,0,no_track,,,,,,,,,,,,,,,,,,,
1304,43.4667,0,0,no_track,,,,,,,,,,,,,,,,,,,
1305,43.5,0,0,no_track,,,,,,,,,,,,,,,,,,,
1306,43.5333,0,0,no_track,,,,,,,,,,,,,,,,,,,
1307,43.5667,0,0,no_track,,,,,,,,,,,,,,,,,,,
